TX_DESCR_NL,TOTAL,OPPERVLAKKTE IN HM²,Area_KM2,Density
Sint-Joost-ten-Node,27258,116.06086432025381,1.1606086432025382,23485.952960668412
Koekelberg,22979,118.19270046060807,1.1819270046060806,19441.97899739043
Sint-Gillis,48827,253.38058299393185,2.5338058299393187,19270.221665394678
Schaarbeek,129775,790.1300710867589,7.901300710867589,16424.510944318972
Sint-Jans-Molenbeek,98713,601.5629419363828,6.015629419363828,16409.421711093237
Etterbeek,49131,317.42184596747427,3.1742184596747425,15478.140721616994
Elsene,89897,641.1172375109531,6.4111723751095315,14021.928399400455
Ganshoren,25693,243.76673475105372,2.437667347510537,10539.994321308412
Jette,54390,518.9391383530276,5.189391383530276,10480.997862797389
Vorst,58675,629.2052665365316,6.292052665365316,9325.255702797482
Evere,45892,512.4787402349123,5.1247874023491224,8954.908057056928
Sint-Agatha-Berchem,25803,295.0083207052124,2.9500832070521237,8746.532958229234
Sint-Lambrechts-Woluwe,60956,729.3573676284786,7.293573676284787,8357.494241567718
Anderlecht,128724,1791.410159000202,17.91410159000202,7185.624093582328
Brussel,198314,3308.6346511660286,33.08634651166029,5993.831924903228
Sint-Pieters-Woluwe,42549,894.4284109502399,8.9442841095024,4757.116330282485
Oudergem,35698,896.5749899328302,8.965749899328303,3981.596676333167
Ukkel,87194,2287.4841280581313,22.874841280581315,3811.7860111239274
Saint-Nicolas,24517,690.5653749162749,6.905653749162749,3550.279363915759
Mortsel,26736,778.4337611491809,7.784337611491809,3434.588957258272
Luik,197323,6865.018690052395,68.65018690052395,2874.325750721212
Antwerpen,562002,20821.785572627043,208.21785572627041,2699.105694080459
Edegem,23502,871.7327987876039,8.71732798787604,2696.0096066921324
Boom,19699,738.1616614727444,7.381616614727444,2668.656613877441
Drogenbos,6040,249.59817745170628,2.495981774517063,2419.8894646050267
Kraainem,13940,583.5771694106783,5.835771694106783,2388.7157912769653
Hemiksem,12428,548.0440625380933,5.480440625380933,2267.7008747150066
Vilvoorde,48040,2157.328870412566,21.573288704125662,2226.8278452516543
Wezembeek-Oppem,14760,686.3912885508247,6.863912885508247,2150.376941869809
Wemmel,18292,877.2891714287772,8.772891714287772,2085.0593619215824
Niel,11032,534.6412868072352,5.346412868072353,2063.439594401841
Charleroi,205763,10294.765655366973,102.94765655366973,1998.714753577023
Watermaal-Bosvoorde,25327,1296.803496497239,12.96803496497239,1953.0329821295268
Seraing,64609,3524.575252717773,35.24575252717773,1833.100313298191
Leuven,104906,5750.800403227294,57.508004032272936,1824.198244493545
Oostende,72817,4126.076563296177,41.260765632961764,1764.800019654242
Herstal,40834,2335.8425288743024,23.358425288743025,1748.1486656413806
Gent,272657,15777.061100465298,157.77061100465298,1728.1862462455622
Verviers,56127,3300.789177499087,33.007891774990874,1700.4115374168127
Quaregnon,19022,1120.9230260899812,11.209230260899812,1696.9943124777085
Beyne-Heusay,11977,728.5288325147538,7.285288325147539,1643.9980774209712
Denderleeuw,21257,1386.4918246944212,13.864918246944212,1533.1500425316233
Colfontaine,20813,1374.5683078466327,13.745683078466326,1514.1481060774033
Lint,8499,565.0633583406241,5.650633583406241,1504.079122199381
Moeskroen,60304,4062.3055333116536,40.62305533311653,1484.4772138751282
Machelen,16784,1150.0894728603412,11.500894728603411,1459.3647186646435
Waterloo,30389,2132.4185884294984,21.324185884294984,1425.0954369320682
Kuurne,14244,1011.2296494837459,10.112296494837459,1408.5821165619366
Liedekerke,14155,1017.466010423724,10.17466010423724,1391.201264217676
Hove,8366,601.7998048775185,6.017998048775184,1390.1632955335858
Aartselaar,15093,1101.8954633953251,11.018954633953252,1369.730659702799
Mechelen,89655,6578.713303482494,65.78713303482493,1362.8044856817278
Wijnegem,10650,788.4348977608868,7.884348977608868,1350.777347659957
Zaventem,37271,2772.0480033506988,27.720480033506988,1344.529386033318
Châtelet,35979,2734.5894483470706,27.345894483470705,1315.7002423799886
Rixensart,23052,1755.9971569428576,17.559971569428576,1312.7583896623667
Bredene,18196,1431.0494597423915,14.310494597423915,1271.5144033718814
La Louvière,81674,6455.734119702977,64.55734119702977,1265.1388437874166
Ans,29110,2334.6345243778046,23.346345243778046,1246.8761039913948
Manage,24202,1943.067268532923,19.43067268532923,1245.5564659000854
Fléron,16374,1368.3670476197776,13.683670476197776,1196.6087628668017
Schoten,34926,2951.023249275666,29.510232492756657,1183.5216821342447
Aalst,92131,7865.608165410218,78.65608165410218,1171.31438615459
Izegem,29427,2563.511646183945,25.63511646183945,1147.9175467685184
Schelle,8682,782.5535501399186,7.825535501399186,1109.4448422664086
Linkebeek,4646,418.9076851611894,4.189076851611894,1109.0749023170317
Roeselare,66888,6039.634944682991,60.39634944682991,1107.484154466737
Farciennes,11471,1036.6847096283975,10.366847096283974,1106.5080726532383
Dison,15226,1397.173298189663,13.97173298189663,1089.7717569988306
Blankenberge,20654,1900.4757622562158,19.00475762256216,1086.780500451102
Dilbeek,45069,4147.800501139095,41.47800501139095,1086.5758849207639
Willebroek,28620,2736.5746528615346,27.365746528615347,1045.832971158785
Wommelgem,13564,1299.3627331156558,12.993627331156558,1043.8963388980521
Menen,34585,3316.30411528661,33.1630411528661,1042.8778181282994
Grimbergen,40062,3866.9695536243753,38.66969553624375,1036.005053684772
Harelbeke,30311,2939.7872280159027,29.397872280159028,1031.061013910767
Boussu,20401,2007.610306425022,20.07610306425022,1016.183266977162
Kortrijk,80776,8069.313596121048,80.69313596121049,1001.0269031907416
Vosselaar,11816,1183.2711004753658,11.832711004753657,998.5877281421863
Brasschaat,38416,3857.998452242428,38.579984522424276,995.7494922702998
Zelzate,13653,1376.7792146816523,13.767792146816523,991.6622690412227
Sint-Niklaas,82661,8419.775733817683,84.19775733817683,981.7482390652698
Halle,42884,4498.201717824681,44.98201717824681,953.3587573466714
Ottignies-Louvain-la-Neuve,31766,3340.451637871376,33.40451637871376,950.9492560785025
Morlanwelz,19113,2037.7494004847326,20.377494004847325,937.9465402101686
Kontich,21801,2380.048949959828,23.800489499598278,915.989564011613
Waregem,40436,4450.010685078886,44.50010685078886,908.6719754535418
Sint-Pieters-Leeuw,36732,4066.7478376150693,40.66747837615069,903.2278731484213
Stabroek,18970,2142.219088234193,21.42219088234193,885.5303411396991
Tubeke,28716,3277.1432294801693,32.77143229480169,876.250990242957
Beersel,26593,3040.1351408849223,30.401351408849223,874.73085134825
Brugge,120283,14119.22290765603,141.1922290765603,851.9094909591487
Turnhout,47965,5671.1568041651335,56.71156804165133,845.7710068036297
Waver,35581,4211.3576901104125,42.113576901104125,844.8819268796697
Dendermonde,47539,5648.620378161062,56.48620378161062,841.603733608959
Sambreville,28638,3427.0822087214246,34.27082208721425,835.6379641877414
Frameries,21630,2609.1553760374945,26.091553760374946,829.003906729745
Chapelle-lez-Herlaimont,15030,1820.629200871629,18.20629200871629,825.5387748809238
Sint-Genesius-Rode,18700,2275.049857082577,22.75049857082577,821.9600085591113
Wevelgem,31940,3913.8418967335965,39.138418967335966,816.0779316777307
Chaudfontaine,20523,2545.7398008229175,25.457398008229173,806.170371118285
Duffel,18100,2259.827920441774,22.59827920441774,800.9459408954302
Ronse,27577,3469.994951808216,34.69994951808216,794.7273809614511
Temse,31613,4009.634047654126,40.09634047654126,788.426066426074
Eigenbrakel,40756,5232.132385945453,52.32132385945453,778.9558251522594
Rumst,15692,2015.0385541281637,20.150385541281636,778.7444050562783
Genk,68058,8757.109966366033,87.57109966366033,777.1742077168668
Lier,38517,4985.308859164798,49.85308859164798,772.610104771981
Affligem,13770,1792.1883434040667,17.921883434040666,768.3344248208525
Anderlues,12955,1719.5820056569985,17.195820056569985,753.3807609861734
Opwijk,15006,1991.928239282954,19.91928239282954,753.3403916901041
Kapellen,27976,3722.2621752327545,37.22262175232755,751.5859625941218
Deerlijk,12690,1697.3054269117843,16.973054269117842,747.6556545918327
Eeklo,22733,3044.8887047937596,30.448887047937596,746.5954326741075
Leopoldsburg,16858,2259.69423861001,22.5969423861001,746.0301359342202
Lebbeke,20298,2733.9321049945597,27.339321049945596,742.4471135518704
Flémalle,27045,3656.77545057864,36.567754505786404,739.5860195823743
Wetteren,26926,3701.8177197015725,37.018177197015724,727.3723894263135
Keerbergen,13355,1854.2547591020727,18.54254759102073,720.2354441558607
Oupeye,25846,3608.969173395287,36.08969173395287,716.1601764440761
Destelbergen,19088,2670.5032287676004,26.705032287676005,714.7716503158412
Asse,35882,5022.136080519487,50.22136080519487,714.4768565547986
Merelbeke-Melle,37369,5234.013730146031,52.34013730146031,713.9645007954038
Boortmeerbeek,13400,1877.2066759212748,18.77206675921275,713.8265685862051
Courcelles,31436,4452.515001132864,44.52515001132864,706.027941332071
Ingelmunster,11597,1642.6804518167198,16.4268045181672,705.9802767588983
Herent,23081,3273.5718808111224,32.73571880811122,705.0708168436801
Tremelo,15418,2189.0473375793595,21.890473375793594,704.3246500575528
Tervuren,23246,3361.952322725121,33.619523227251214,691.443475949038
Grâce-Hollogne,23416,3417.233675950535,34.17233675950535,685.2326244118095
Boechout,14084,2070.7981807110805,20.707981807110805,680.1242212393565
Ternat,16691,2471.0017898319297,24.710017898319297,675.4750267151879
Montigny-le-Tilleul,10170,1523.036475117444,15.230364751174442,667.7450058584955
Hasselt,90249,13667.446935117412,136.6744693511741,660.3208370109886
Bergen,97120,14755.865547866646,147.55865547866645,658.1789437220868
Heusden-Zolder,34985,5340.112519800956,53.40112519800956,655.1360082821627
Namen,115029,17592.714206410812,175.92714206410812,653.844532744602
Wezet,18110,2772.782405042656,27.727824050426563,653.1345541959827
Lede,19425,2989.1579224334773,29.891579224334773,649.8485695324549
Zele,21521,3327.7499566588112,33.27749956658811,646.7132531077518
Haaltert,19517,3051.915393034576,30.51915393034576,639.5000347828741
Kapelle-op-den-Bos,9806,1536.708713201849,15.36708713201849,638.1170299717021
Soumagne,17265,2719.286939701139,27.192869397011393,634.9090913479507
Hamme,25706,4053.341387710585,40.53341387710585,634.1928187430397
Kelmis,11338,1803.9072785459693,18.039072785459695,628.5245441849394
Fontaine-l’Evêque,17985,2866.032685249208,28.66032685249208,627.52250149011
Beringen,48755,7856.145848074459,78.56145848074459,620.5969306431582
Kortenberg,21386,3470.2681492577794,34.702681492577796,616.2636165327465
Erpe-Mere,21117,3441.286142585414,34.41286142585414,613.6368533462012
Hulshout,10634,1737.8823656601123,17.378823656601124,611.8941195401802
Sint-Katelijne-Waver,21917,3615.5496031296643,36.15549603129664,606.1872303184107
Nijlen,23747,3919.5351873792374,39.195351873792376,605.8626562778283
Herentals,29001,4794.749648754519,47.94749648754519,604.8490979614187
Begijnendijk,10642,1765.5131716156131,17.65513171615613,602.7709207211155
Zoersel,22770,3868.498926683105,38.684989266831046,588.6003959557321
Buggenhout,15079,2564.189050369332,25.641890503693322,588.0611649062342
Overijse,26250,4498.752506681845,44.98752506681845,583.4950902725092
Meise,20392,3506.508901796149,35.06508901796149,581.5470763400757
Schilde,20508,3608.8461948978834,36.08846194897883,568.2702695668719
Sint-Martens-Latem,8149,1445.1885208025335,14.451885208025335,563.8710716768458
Hoeilaart,11565,2053.4200002256516,20.534200002256515,563.2067477052486
Olen,12915,2312.8232710396037,23.128232710396038,558.4084249634329
Ninove,40580,7311.854976452919,73.11854976452919,554.9891256142762
Zonhoven,21923,3967.141377716825,39.67141377716825,552.6145380938543
Binche,33784,6122.223347541337,61.22223347541337,551.825669894378
Puurs-Sint-Amands,27066,4913.75815780066,49.1375815780066,550.8207594025022
Roosdaal,12021,2191.8904557375536,21.918904557375537,548.4306922608059
Putte,19091,3515.7990107260957,35.15799010726096,543.0060120546327
Zemst,23369,4322.817454728076,43.22817454728076,540.5965032004807
Steenokkerzeel,12727,2362.859811082829,23.62859811082829,538.6269612909279
Bonheiden,15641,2919.0885241155534,29.190885241155534,535.8179401133107
Londerzeel,19491,3652.754690124496,36.52754690124496,533.5972889911119
Maasmechelen,40486,7684.870166025645,76.84870166025645,526.8273780211174
Knokke-Heist,32415,6171.98256182102,61.719825618210194,525.1959103143688
Amay,14494,2766.252401745709,27.66252401745709,523.9579725571397
Blegny,13579,2607.851288060955,26.07851288060955,520.6968688040699
Wichelen,12050,2319.680277097601,23.19680277097601,519.4681404575737
Heist-op-den-Berg,44723,8667.242470872563,86.67242470872563,516.0003328659337
Haacht,15671,3073.6985519124014,30.736985519124016,509.8417992307599
Tienen,36890,7277.11068530385,72.7711068530385,506.9319623583503
Beerse,18710,3735.9742718419393,37.35974271841939,500.80644668828114
Aarschot,31514,6304.474681858292,63.044746818582915,499.8671830768779
Merchtem,18361,3690.2480655709714,36.90248065570972,497.5546270534825
Borgworm,15366,3088.9993263179545,30.889993263179544,497.44264652579466
Zulte,16233,3276.1169659703964,32.76116965970397,495.49512940517775
Evergem,37254,7537.499537111878,75.37499537111879,494.2487865713953
Berlaar,12115,2452.587305642871,24.525873056428708,493.9681442583518
Dour,16559,3361.983631854205,33.61983631854205,492.53660378076745
Zottegem,28236,5746.146343516695,57.461463435166955,491.39019983120204
Aiseau-Presles,10956,2242.469788966989,22.424697889669893,488.56845491983034
Nijvel,29429,6083.2197506778575,60.83219750677858,483.7734161538502
Terhulpen,7482,1551.701967875616,15.51701967875616,482.1802224201184
Bornem,22232,4618.692188829906,46.186921888299054,481.348379391185
Oostrozebeke,8013,1672.772734434177,16.72772734434177,479.0250244430505
Diepenbeek,19788,4140.966943251435,41.40966943251435,477.859405090124
Oudenaarde,32930,6891.914966921605,68.91914966921605,477.80624337431084
Lokeren,50606,10617.040345679952,106.17040345679952,476.64884329644144
Rotselaar,17689,3722.2657292503714,37.22265729250371,475.22131106857853
Scherpenheuvel-Zichem,24200,5114.759583875194,51.14759583875194,473.14051820329917
Avelgem,10450,2211.8496188890635,22.118496188890635,472.45526598000265
Wielsbeke,10256,2191.417721804788,21.91417721804788,468.00753219945017
Kasteelbrakel,10638,2274.9121419054172,22.749121419054173,467.6224546891662
Torhout,21159,4532.549422954609,45.325494229546095,466.82337081295833
Westerlo,25691,5544.876179721448,55.44876179721448,463.32865094366474
Hoei,21850,4763.622217406311,47.636222174063114,458.68456822961184
Ranst,19755,4367.3209392697345,43.673209392697345,452.3368049819407
Mont-Saint-Guibert,8451,1872.447262850105,18.72447262850105,451.33447374835504
Lanaken,26457,5895.280298443421,58.952802984434214,448.782732298338
Nazareth-De Pinte,23574,5321.467497284487,53.21467497284487,442.99810178357137
Lendelede,5849,1326.9100075157571,13.26910007515757,440.79854450344425
Geraardsbergen,35236,8005.501969349535,80.05501969349535,440.14729038737596
Wervik,19207,4376.811880966746,43.768118809667456,438.83540171156676
Stekene,19767,4526.302792997178,45.26302792997178,436.7140446410768
Diest,25141,5871.738116166155,58.71738116166155,428.169640787988
Koksijde,21344,5009.445543996248,50.09445543996247,426.07509778363584
Beveren-Kruibeke-Zwijndrecht,87927,20645.721381158895,206.45721381158896,425.88485224953877
Welkenraedt,10521,2472.159783564912,24.721597835649117,425.5792877929789
Alken,11937,2823.5033609342454,28.235033609342455,422.7726506424368
Gavere,13353,3159.714373404263,31.59714373404263,422.6014893116283
Baarle-Hertog,3083,741.4231463531952,7.4142314635319515,415.82192505915333
Pelt,34635,8378.269828870665,83.78269828870665,413.3908397250625
Essen,19606,4756.979423173426,47.56979423173426,412.15229783190136
Jemeppe-sur-Sambre,19225,4694.317973585137,46.94317973585137,409.53766038386857
Grobbendonk,11609,2836.8588271213243,28.368588271213245,409.2202223464226
De Panne,10874,2665.39647662957,26.653964766295697,407.96932446426587
Zwevegem,25870,6361.031297400968,63.61031297400967,406.69505918906793
Court-Saint-Etienne,10927,2687.5412547854203,26.875412547854204,406.5798052604196
Bilzen-Hoeselt,43052,10608.186992453846,106.08186992453847,405.83749165267466
Berlare,15425,3822.631274484807,38.226312744848066,403.5178622368933
Herenthout,9504,2360.7913785733217,23.607913785733217,402.57686834418536
Herzele,19179,4790.49721161737,47.9049721161737,400.3551020442986
Laakdal,16935,4242.955861502257,42.42955861502257,399.1321275259274
Sint-Lievens-Houtem,10748,2705.2803233069208,27.05280323306921,397.2970899689131
Houthalen-Helchteren,30945,7822.737939209264,78.22737939209264,395.5776128572188
Ledegem,9775,2483.2095761036408,24.832095761036406,393.64377836113925
Sint-Truiden,41743,10711.69869946639,107.11698699466389,389.69542713220136
Zedelgem,23635,6065.8984089434025,60.65898408943403,389.63725414776434
Aubange,17871,4611.122033899336,46.11122033899336,387.5629373635904
Fleurus,22922,5947.383836072167,59.473838360721665,385.413160337376
Geel,42427,11020.949529240057,110.20949529240058,384.9668296496185
Oud-Turnhout,15045,3916.9514785603105,39.169514785603106,384.0997286371759
Laarne,12496,3258.070317509018,32.58070317509018,383.5399111199635
As,8298,2212.851086866438,22.128510868664378,374.99134258286614
Esneux,12794,3413.1486342678986,34.13148634267898,374.8445019812108
Kampenhout,12606,3364.762971677747,33.647629716777466,374.6474894697966
Pepinster,9294,2489.594827523404,24.89594827523404,373.3137576143454
Edingen,14567,3939.6457347325522,39.39645734732552,369.7540586346376
Dessel,10076,2744.678903328171,27.44678903328171,367.11033803560554
Oud-Heverlee,11406,3118.2189929886736,31.182189929886736,365.78572658451606
Tessenderlo-Ham,30645,8442.921623820475,84.42921623820476,362.9667710468801
Sint-Gillis-Waas,20139,5548.8456356095985,55.48845635609599,362.9403541298463
Lichtervelde,9437,2615.8253061038918,26.158253061038916,360.7656817899595
Anzegem,15246,4235.338052663639,42.35338052663639,359.97126582166595
Deinze,46026,12802.71113195855,128.0271113195855,359.5019798979013
Waasmunster,11395,3226.871249630396,32.26871249630396,353.1284367575922
Bertem,10342,2999.0146149543434,29.990146149543435,344.84660222829376
Awans,9373,2721.5069716236594,27.215069716236595,344.40477638784216
Lommel,35208,10227.84917633583,102.2784917633583,344.23659747995436
Saint-Georges-sur-Meuse,7184,2092.7757285104744,20.927757285104743,343.2761524386173
Nieuwpoort,11399,3324.6252156513456,33.24625215651346,342.86571449728837
Estaimpuis,10878,3208.1996028998965,32.081996028998965,339.0686785874345
Lievegem,27350,8077.987594953205,80.77987594953206,338.57442436637507
Trooz,8200,2425.8461594110313,24.25846159411031,338.02638177149987
Mol,38701,11454.481725964552,114.54481725964551,337.8677527790206
Saint-Ghislain,23756,7058.525114216866,70.58525114216866,336.55756146779254
Lubbeek,15236,4528.022442174935,45.28022442174935,336.4824312284487
Brecht,30664,9146.440827383449,91.4644082738345,335.25609118024704
Zandhoven,13423,4009.8473945834676,40.09847394583468,334.75089396498953
Maaseik,25828,7718.2900762271365,77.18290076227136,334.6337044205169
Ecaussinnes,11622,3486.0311603231717,34.860311603231715,333.38772562556744
Hamont-Achel,14568,4372.93403540688,43.729340354068796,333.14017275461873
Dentergem,8673,2608.94728992936,26.0894728992936,332.4329331404327
Kalmthout,19712,5940.914440651323,59.409144406513235,331.80077237131366
Andenne,28231,8611.009486627523,86.11009486627523,327.84774008020037
Dilsen-Stokkem,21486,6588.412967329515,65.88412967329515,326.11799088102595
Balen,23777,7298.7052150231575,72.98705215023158,325.7701098964655
Nieuwerkerken,7328,2250.945123886604,22.509451238866042,325.55213906534857
Moorslede,11504,3544.721093432558,35.44721093432558,324.53893259229636
Tielt,31908,9834.045042862668,98.34045042862668,324.464651737162
Lochristi,30916,9528.984305922992,95.28984305922991,324.4417139063116
Oosterzele,14088,4356.895378278197,43.568953782781975,323.34951328501813
Doornik,68991,21534.26847686988,215.34268476869877,320.3777275931326
Ichtegem,14622,4577.807097895072,45.778070978950716,319.4105755728188
Quiévrain,6861,2148.2043348806856,21.482043348806855,319.3830255621875
Wanze,14005,4403.490167431585,44.034901674315854,318.0431763781743
Tongeren-Borgloon,43980,13913.406714293464,139.13406714293464,316.09799744313267
Pont-à-Celles,17662,5610.170996330187,56.10170996330187,314.82106359241715
Neupré,9952,3174.372242928513,31.743722429285132,313.5108058662583
Malle,16248,5190.168875493098,51.90168875493098,313.0533974861529
Herve,17784,5683.984958465431,56.83984958465431,312.87908272018626
Landen,16375,5330.140018243641,53.30140018243641,307.2151940465497
Lennik,9481,3112.3793206855257,31.123793206855257,304.6222527243799
Ham-sur-Heure-Nalinnes,13838,4570.541900936477,45.70541900936477,302.7649740431146
Oostkamp,24142,8012.631012481312,80.12631012481312,301.2992856203399
Herk-de-Stad,12927,4302.851850601737,43.02851850601737,300.4286563617618
Komen-Waasten,18337,6133.850769700583,61.33850769700584,298.94760548429673
Lasne,14175,4756.560872918728,47.56560872918728,298.00943115654724
Mesen,1071,359.6311314571247,3.596311314571247,297.80514152392976
Vorselaar,8079,2762.340187250687,27.62340187250687,292.4694082679548
Riemst,16938,5805.593804905358,58.05593804905359,291.75310173592345
Oudenburg,10231,3559.905069422407,35.59905069422407,287.39530410174604
Lille,17130,5961.926270181374,59.61926270181374,287.32324459756984
Lummen,15347,5369.951578560399,53.69951578560399,285.7940109045507
Rebecq,11185,3926.1184117688176,39.261184117688174,284.8869755550972
Péruwelz,17350,6100.167922443526,61.00167922443526,284.4183999618516
Meerhout,10377,3653.9314292988165,36.539314292988166,283.9954772219502
Herselt,14829,5237.173175379721,52.371731753797214,283.148933659709
Gistel,12117,4284.039136338756,42.84039136338756,282.84055337448393
Boutersem,8709,3114.0359346756723,31.14035934675672,279.66921971011374
Juprelle,9906,3547.4659968058236,35.47465996805823,279.24157719677845
Wellen,7479,2680.250758622381,26.80250758622381,279.0410552423133
’s Gravenbrakel,23604,8486.59542331408,84.8659542331408,278.1327354801893
Jabbeke,14932,5386.00280465344,53.860028046534396,277.2371374760321
Bierbeek,10778,3896.4433888108288,38.96443388810829,276.6112304095192
Gembloux,26550,9647.739600203435,96.47739600203435,275.19399465798347
Kasterlee,19802,7226.980805434661,72.26980805434661,274.00100447352753
De Haan,12627,4620.039933222419,46.20039933222419,273.30932594759696
Ardooie,9514,3491.836969877305,34.91836969877305,272.46403775644484
Bernissart,11894,4380.89044335041,43.808904433504104,271.497316671168
Ieper,35587,13145.598637280242,131.4559863728024,270.71418336991593
Hooglede,10312,3810.8579866020686,38.10857986602068,270.59523173663683
Gerpinnes,12900,4768.467986493477,47.68467986493477,270.5271386226941
Rijkevorsel,12560,4684.406074538368,46.84406074538368,268.1236383043019
Brakel,15127,5696.286455172444,56.962864551724444,265.55897634438855
Bree,17210,6498.201256651336,64.98201256651336,264.84252057266514
Aarlen,31492,11905.784139624382,119.05784139624382,264.51008711966745
Holsbeek,10234,3877.757156084538,38.77757156084538,263.9154435945522
Remicourt,6023,2282.6823707571302,22.826823707571304,263.8562454925459
Zinnik,29249,11126.758817326921,111.26758817326922,262.87080074435136
Lierde,6858,2631.61906887643,26.3161906887643,260.60002684689556
Maldegem,24883,9562.546877392393,95.62546877392393,260.2131034654372
Olne,4172,1603.789263779376,16.03789263779376,260.1339274568132
Tielt-Winge,11568,4452.255941251081,44.52255941251081,259.82333793572076
Lessen,18853,7267.148579685374,72.67148579685374,259.4277493197508
Halen,9490,3659.6078074781617,36.596078074781616,259.31740501284935
Hensies,6776,2641.266401486409,26.41266401486409,256.5436033331099
Middelkerke,20023,7898.287485018606,78.98287485018606,253.51065073257246
Graven,14014,5555.363177112418,55.55363177112418,252.26073531495442
Huldenberg,10071,3994.5407711612997,39.945407711613,252.11909395712942
Staden,11696,4681.734647795734,46.817346477957344,249.82193310564364
Aalter,29830,11985.04218548879,119.8504218548879,248.893575327732
Chastre,7813,3156.9700188265087,31.569700188265088,247.4841367959587
Retie,11995,4849.946467035937,48.499464670359366,247.32231750448145
Zwalm,8348,3387.771696428101,33.877716964281014,246.41566044139626
Chaumont-Gistoux,11894,4832.550965370383,48.32550965370383,246.12259829707565
Spa,9806,3984.56840226232,39.8456840226232,246.09942683961563
Wuustwezel,21941,8941.089368199853,89.41089368199853,245.3951537274196
Profondeville,12322,5037.408242467139,50.374082424671386,244.60991460094834
Arendonk,13323,5515.1479629640735,55.15147962964073,241.5710347114542
Antoing,7538,3133.0774441256895,31.330774441256896,240.5941166291068
Comblain-au-Pont,5366,2263.1963374765655,22.631963374765654,237.0982981522063
Bitsingen,9053,3820.604433059011,38.20604433059011,236.95203621882445
Aat,30123,12789.895786017298,127.89895786017297,235.52185650278966
Bocholt,13875,5928.795291196094,59.287952911960936,234.02730771635083
Berloz,3394,1450.8032859850182,14.508032859850182,233.93936536996844
Sombreffe,8384,3588.724259481437,35.88724259481437,233.6206237592484
Kortemark,12882,5543.153121546232,55.43153121546232,232.39480702648598
Limburg,5689,2464.378917251194,24.643789172511937,230.84923995152494
Zutendaal,7404,3211.2330859166823,32.112330859166825,230.5656363741172
Engis,6391,2774.434147005344,27.744341470053442,230.3532778710314
Villers-la-Ville,11059,4803.047352586786,48.030473525867855,230.2496558574201
Hélécine,3894,1698.234881941692,16.98234881941692,229.2969035913195
Lijsem,3375,1473.3062579468829,14.733062579468829,229.0766079215065
Kinrooi,12527,5480.289061329772,54.80289061329772,228.58283312815564
Beloeil,14232,6226.453803842191,62.264538038421904,228.57312441983888
Aubel,4288,1884.9639134520573,18.849639134520572,227.4844610763453
Les Bons Villers,9705,4296.724715060615,42.967247150606156,225.86971806647585
Beernem,16318,7242.051837848167,72.42051837848167,225.32288314645055
Kluisbergen,6869,3063.445382891321,30.63445382891321,224.2246601934501
Erquelinnes,9983,4454.352877689679,44.54352877689679,224.11785222498673
Kruisem,16006,7158.856725434935,71.58856725434934,223.58318672773214
Koekelare,8801,3943.9162777875404,39.4391627778754,223.1538242727908
Rumes,5345,2401.3802818227773,24.013802818227774,222.5803235105627
Dalhem,7711,3610.885831852157,36.10885831852157,213.54870685691944
Hoogstraten,22403,10539.470460419474,105.39470460419474,212.56286152263056
Lontzen,6092,2870.8292279016573,28.70829227901657,212.20349649473079
Crisnée,3573,1696.9281031459057,16.969281031459058,210.55694660110095
Pajottegem,25287,12016.45052107121,120.16450521071211,210.43651746960117
Wingene,20781,9915.960356343117,99.15960356343118,209.571229141781
Villers-Le-Bouillet,6869,3286.3810855385323,32.863810855385324,209.01410460967253
Eupen,20053,9599.742009377507,95.99742009377508,208.8910304090592
Oerle,4062,1949.673288517151,19.49673288517151,208.34259893304514
Floreffe,8083,3912.381345688739,39.12381345688739,206.6005147710636
Oudsbergen,23871,11636.875088480334,116.36875088480333,205.13239008323262
Hoegaarden,6963,3412.7742216229126,34.12774221622912,204.02756080033947
Sprimont,15171,7446.127046155255,74.46127046155254,203.7435019032266
Plombières,10814,5317.032865126878,53.17032865126878,203.38411054267482
Geldenaken,14935,7373.184475437511,73.7318447543751,202.55833893419282
Glabbeek,5449,2699.1241125982506,26.991241125982505,201.88030533929927
Pittem,6971,3468.544981570892,34.68544981570892,200.97764443126403
Le Roeulx,8709,4341.235827845454,43.41235827845454,200.61107816670392
Merksplas,8921,4459.9676710495105,44.5996767104951,200.02387142642064
Linter,7354,3687.0551789127676,36.870551789127674,199.45456856896118
Hannuit,17202,8649.32793085732,86.49327930857321,198.88250436927228
Itter,6963,3502.7343131454904,35.027343131454906,198.78755787638246
Walhain,7556,3808.080649326696,38.08080649326696,198.4201674230815
Kaprijke,6638,3363.9036768170185,33.639036768170186,197.33026381661992
Thimister-Clermont,5584,2864.2434877767805,28.642434877767805,194.955492570022
Thuin,14864,7665.519988324533,76.65519988324533,193.90726294680044
Perwijs,9844,5116.989385155247,51.16989385155247,192.3787457632441
Peer,16685,8723.457475332492,87.23457475332492,191.26590628980003
Leuze-en-Hainaut,14200,7446.265698871571,74.46265698871571,190.69961473644312
Spiere-Helkijn,2053,1081.5064459545538,10.815064459545537,189.82780987384606
Houthulst,10525,5602.096670977351,56.02096670977351,187.87608672529015
Bevekom,7242,3856.881433732724,38.56881433732724,187.76828182117924
Jurbeke,10912,5817.6636219466845,58.17663621946684,187.56670562449378
Zonnebeke,12769,6809.232782106396,68.09232782106396,187.52479770635753
Zoutleeuw,8766,4684.430234606753,46.844302346067536,187.13054866822847
Marchin,5636,3015.56068481811,30.1556068481811,186.89725026508452
Bekkevoort,6922,3728.050142038008,37.28050142038008,185.6734683352719
Lobbes,5958,3222.9853475816217,32.22985347581621,184.8596675895721
Seneffe,11631,6376.953270829003,63.76953270829003,182.3911750021021
Verlaine,4414,2439.7084493899133,24.397084493899133,180.92325749430384
Horebeke,2026,1124.7300805308637,11.247300805308637,180.13210770034212
Orp-Jauche,9092,5079.786762817142,50.79786762817142,178.98389094895333
Genepiën,16160,9034.960705950318,90.34960705950317,178.86076681392998
Geetbets,6342,3551.709012404387,35.51709012404387,178.56192548011362
Pecq,5899,3314.8498774168306,33.1484987741683,177.95677687210758
La Bruyère,9397,5304.248129394112,53.042481293941115,177.15988714640676
Fexhe-le-Haut-Clocher,3399,1945.252247706976,19.45252247706976,174.73312286397163
Brunehaut,8129,4654.553221727559,46.545532217275586,174.64619293756587
Hechtel-Eksel,13105,7667.643368735384,76.67643368735384,170.91300898833268
Assenede,14617,8749.825093853346,87.49825093853346,167.05476787494047
Poperinge,19962,12037.182532969618,120.37182532969618,165.8361493258448
Ravels,15712,9513.431814568688,95.13431814568689,165.15596375998555
Fosses-la-Ville,10436,6330.544344554562,63.30544344554561,164.8515424898159
Eghezée,16954,10321.81314084891,103.2181314084891,164.2540876166804
Messancy,8627,5262.09524991915,52.620952499191496,163.94610113020192
Aywaille,12969,7991.794091572285,79.91794091572285,162.27895578136088
Kortenaken,7984,4943.702368136135,49.43702368136135,161.498395442647
Yvoir,9210,5710.546753344281,57.105467533442805,161.28052877960113
Nandrin,5755,3612.869706025849,36.12869706025849,159.291656446988
Gingelom,8788,5634.233870239814,56.34233870239814,155.97506604080584
Langemark-Poelkapelle,8202,5306.423145096684,53.06423145096684,154.56739456556397
Wortegem-Petegem,6545,4247.175421703509,42.471754217035084,154.10241749267922
Raeren,11185,7281.389769184478,72.81389769184477,153.6107852286107
Geer,3571,2360.2523486265154,23.602523486265156,151.2973814888076
Chièvres,7145,4737.038247389697,47.37038247389697,150.83264324363836
Walcourt,18353,12364.223395157624,123.64223395157623,148.4363345229418
Vloesberg,3441,2327.5782329476524,23.275782329476524,147.8360620189469
Braives,6476,4404.973468982824,44.049734689828234,147.01564142440586
Marche-en-Famenne,17946,12207.16981522922,122.07169815229219,147.01196322845632
Faimes,4192,2852.615470423557,28.52615470423557,146.95285934832188
Héron,5599,3840.977085967615,38.40977085967615,145.77020051629663
Theux,12144,8348.253641427855,83.48253641427854,145.46754952120665
Incourt,5658,3890.795906266412,38.90795906266412,145.4201180505864
Heers,7574,5305.958598645206,53.059585986452056,142.74517712848163
Mont-de-l’Enclus,3838,2715.7549257326823,27.157549257326824,141.32350322312487
Maarkedal,6320,4615.429780057274,46.15429780057274,136.93199336079107
Ramillies,6710,4907.723986524381,49.07723986524381,136.72325539138518
Hamoir,3776,2775.3278893357624,27.753278893357624,136.05599592427743
Brugelette,3878,2858.671185559664,28.58671185559664,135.65743481059974
Merbes-le-Château,4137,3053.17468380358,30.5317468380358,135.498306793446
Donceel,3128,2345.136351794685,23.451363517946852,133.38243627523855
Musson,4708,3537.1200643825305,35.371200643825304,133.10263475101652
Dinant,13261,10004.717257527389,100.04717257527389,132.54747394308055
Elzele,5948,4511.307068842251,45.11307068842251,131.8464894815163
Wasseiges,3187,2448.060271145423,24.48060271145423,130.18470327566055
Malmedy,12991,10036.723464856532,100.36723464856532,129.43467104068208
Veurne,12564,9720.723897125952,97.20723897125953,129.24963339113762
Pepingen,4564,3592.824800214856,35.928248002148564,127.03096459719009
Quévy,8194,6538.407677913706,65.38407677913706,125.32103233144626
Damme,11278,9036.218021409039,90.36218021409039,124.80885225743364
Fernelmont,8175,6582.103530746045,65.82103530746045,124.20041650535097
Opzullik,8422,6857.356243782537,68.57356243782537,122.81701140488511
Virton,11466,9562.546176380221,95.6254617638022,119.9053033419213
Bever,2266,1923.593103024926,19.23593103024926,117.8003807788989
Ciney,17220,14786.963701100116,147.86963701100115,116.45392758162295
Mettet,13613,11696.529242095212,116.96529242095212,116.38495247810357
Honnelles,5104,4427.107355747703,44.27107355747703,115.28972735150614
Diksmuide,17337,15073.638381055756,150.73638381055756,115.01536365492748
Gesves,7445,6502.738615528478,65.02738615528477,114.4902238915372
Anthisnes,4204,3731.6789647682085,37.316789647682086,112.65706508226195
Frasnes-lez-Anvaing,12256,11286.467812286373,112.86467812286374,108.59021798350588
Estinnes,7947,7329.358375386861,73.2935837538686,108.42695353371282
Anhée,7109,6602.734893091301,66.027348930913,107.66750619411395
Hastière,6081,5659.142439006815,56.59142439006815,107.45444324011787
Saint-Léger,3809,3625.0578630444616,36.250578630444615,105.07418485179866
Modave,4169,4042.1177402850267,40.42117740285027,103.13900454829468
Burdinne,3334,3261.596495002398,32.61596495002398,102.21987928637226
Hotton,5682,5702.345491644186,57.023454916441864,99.64320836620652
Hamois,7438,7659.754318647353,76.59754318647353,97.10494215059221
Lens,4677,4982.559448853225,49.82559448853225,93.8674199075828
Ohey,5316,5667.583834271905,56.675838342719054,93.79658343744514
Assesse,7343,7852.708476381547,78.52708476381548,93.50913792464614
Sint-Laureins,6941,7453.516435431929,74.53516435431929,93.12383034408337
Vleteren,3583,3857.581257230725,38.57581257230725,92.882035687102
Ferrières,5156,5706.28757672181,57.0628757672181,90.35646960789973
Voeren,4412,5060.80048312028,50.6080048312028,87.17988418464076
Celles,5775,6748.639112168553,67.48639112168553,85.57280814715708
Stavelot,7279,8513.860597485787,85.13860597485787,85.49587953260063
Florennes,11394,13417.458632184935,134.17458632184935,84.9192109500439
Heuvelland,8021,9478.927427848483,94.78927427848483,84.61927851071857
Habay,8668,10351.456407522792,103.51456407522792,83.73700915844691
Jalhay,8770,10693.470371320753,106.93470371320753,82.01266469602436
Attert,5788,7108.462582893915,71.08462582893915,81.42407633865122
Bastenaken,20940,26468.520857724863,264.68520857724866,79.1128454535027
Weismes,7560,9755.61954722585,97.5561954722585,77.4937969177959
Rochefort,12772,16634.253418429056,166.34253418429057,76.78132392674699
Etalle,6035,7943.496811442527,79.43496811442527,75.97409734346016
Beaumont,7096,9347.67743394112,93.47677433941121,75.91190485707871
Rouvroy,2111,2809.666728427648,28.09666728427648,75.13346613821926
Tinlot,2782,3725.8008548801145,37.25800854880114,74.66851043195429
Durbuy,11511,15707.881022581814,157.07881022581813,73.28168569300765
Neufchâteau,8350,11445.756100681494,114.45756100681494,72.95280387376795
Martelange,2124,2998.466677663734,29.98466677663734,70.83620491173582
Ouffet,2822,4023.84267093409,40.2384267093409,70.13196664930501
Sankt Vith,10180,14714.92270840089,147.1492270840089,69.1814710938858
Couvin,13919,20696.58608981531,206.96586089815312,67.25263741371081
Libramont-Chevigny,12033,17920.98132267416,179.2098132267416,67.14476056495572
Sivry-Rance,4862,7355.577254254507,73.55577254254507,66.09950289336967
Bertrix,9057,13848.902418017575,138.48902418017576,65.39868450669955
Somme-Leuze,6191,9523.550181497023,95.23550181497023,65.00727020925747
Clavier,4989,7950.085640827464,79.50085640827464,62.75404096754777
Alveringem,4966,8070.7925171967645,80.70792517196764,61.530512516815946
Philippeville,9589,15735.200533352092,157.3520053335209,60.93980168651363
Momignies,5213,8600.919156728029,86.00919156728028,60.60980117365893
Cerfontaine,4989,8344.16883422208,83.4416883422208,59.79025711390846
Bütgenbach,5586,9703.963984162821,97.03963984162822,57.56410482475543
Tintigny,4593,8188.191773472712,81.88191773472712,56.09297054912592
Vielsalm,7853,14070.083201862815,140.70083201862815,55.81345815325597
Herstappe,75,134.73350921709,1.3473350921709,55.66543945586387
Beauraing,9496,17462.68539213018,174.6268539213018,54.37880707785936
Zuienkerke,2657,4889.6912744051115,48.896912744051114,54.338808953194196
Baelen,4529,8564.588682459427,85.64588682459427,52.88053131232733
Havelange,5461,10473.164382099907,104.73164382099907,52.142788948616214
Meix-devant-Virton,2849,5496.88977724384,54.9688977724384,51.82930921762995
Saint-Hubert,5691,11198.893073633582,111.98893073633582,50.81752243352301
Nassogne,5716,11311.275200009653,113.11275200009653,50.5336480540684
Lo-Reninge,3183,6339.720859910992,63.397208599109916,50.20725786410553
Paliseul,5530,11125.270067025722,111.25270067025721,49.70665850522058
Onhaye,3243,6567.229044942556,65.67229044942556,49.381557698180856
Chimay,9673,19859.907515909188,198.59907515909188,48.70616840612799
Wellin,3207,6786.460435757381,67.86460435757381,47.25585642704912
Froidchapelle,4067,8654.323043167566,86.54323043167565,46.993854744200064
Vaux-sur-Sûre,6352,13571.742247438791,135.71742247438792,46.80312876704335
Viroinval,5616,12121.648172029623,121.21648172029623,46.33033330367375
Chiny,5265,11406.233995776725,114.06233995776725,46.1589688756992
Amel,5608,12588.326823308258,125.88326823308257,44.54920879251686
Tellin,2519,5695.192679926052,56.95192679926052,44.230285814187894
Erezée,3356,7889.238253460567,78.89238253460567,42.538961204878184
Houyet,5215,12284.705343049809,122.8470534304981,42.45116064546421
Rendeux,2717,6923.202123508066,69.23202123508065,39.24484583187736
Lierneux,3611,9234.101486439133,92.34101486439133,39.10504996401636
Florenville,5705,14806.515508357294,148.06515508357293,38.53033481631723
Libin,5367,14058.095499995834,140.58095499995835,38.177290800176955
Trois-Ponts,2566,6882.758970914846,68.82758970914846,37.281561229201834
Büllingen,5533,15067.286838393224,150.67286838393224,36.72193978481423
Burg-Reuland,3962,10984.299398073868,109.84299398073868,36.06966504112906
Bouillon,5351,14864.28932312262,148.6428932312262,35.99903018354252
Doische,2973,8412.04637732189,84.1204637732189,35.34217319598876
Léglise,5868,17372.274601326615,173.72274601326615,33.7779601961386
Fauvillers,2512,7478.756321199768,74.78756321199768,33.5884723624344
Gouvy,5452,16535.400662221196,165.35400662221195,32.97168367051612
Houffalize,5336,16741.155842694556,167.41155842694556,31.873545949508046
Bièvre,3467,10954.75733095955,109.5475733095955,31.64835053170747
Manhay,3762,12018.012886354492,120.18012886354492,31.303011867057116
Tenneville,2876,9194.96421029556,91.94964210295561,31.277990150084058
Gedinne,4661,15155.97669855818,151.5597669855818,30.75354424662985
Herbeumont,1743,5842.004149148854,58.42004149148854,29.835651524724526
Stoumont,3233,10853.982208433818,108.53982208433817,29.786302740462187
Sainte-Ode,2687,9794.419988987445,97.94419988987445,27.43398795458213
La Roche-en-Ardenne,4067,14852.721582239468,148.52721582239468,27.382187011862
Vresse-sur-Semois,2549,10140.570719748921,101.4057071974892,25.136652269835093
Daverdisse,1416,5686.902944513482,56.86902944513482,24.899317147061662
