site_id,site_name,longitude,latitude,municipality,district_code,road_code,operator,interval_min,install_date,segment_id,road_name,morphology_en,road_category_code,road_category_en,access_en,geometry_method_en,manager_code,manager_label,length_m,dist_to_segment_m,bike_lane_width_m,has_cycleway,bike_lane_source,poi_shop_250m,poi_shop_500m,poi_shop_1000m,poi_education_250m,poi_education_500m,poi_education_1000m,poi_hotel_250m,poi_hotel_500m,poi_hotel_1000m,poi_hospital_250m,poi_hospital_500m,poi_hospital_1000m
100046096,Machelen,4.456121776137429,50.91618331151478,Machelen,AWV212,T2110002,Vlaamse Overheid A. Wegen enVerkeer,15,2019-08-22,662242,,cycleway_footpath,-9,not_applicable,public_road,surveyed,AWV212,District Vilvoorde-gewestwegen,847.57,2.878126601329217,4.0,True,tier2:dedicated_path_width,0,0,1,0,0,0,0,0,0,0,0,1
100052862,Brasschaat 2,4.47169,51.27512,Brasschaat,AWV123,N0010002,Vlaamse Overheid A. Wegen enVerkeer,15,2019-08-22,490758,Bredabaan,divided_road_non_motorway,IW,,public_road,surveyed,AWV123,District Brecht,398.76,7.577427321426361,7.0,True,tier4:wegenregister_with_cycleway,0,0,7,0,0,3,0,0,0,0,0,0
100052863,Brasschaat 1,4.47222,51.27503,Brasschaat,AWV123,N0010001,Vlaamse Overheid A. Wegen enVerkeer,15,2019-08-22,1146555,Bredabaan,divided_road_non_motorway,IW,,public_road,surveyed,AWV123,District Brecht,288.86,12.860851398583977,7.0,True,tier4:wegenregister_with_cycleway,0,0,4,0,0,3,0,0,0,0,0,0
100052864,Balen 1,5.19011,51.16023,Balen,AWV114,N0180002,Vlaamse Overheid A. Wegen enVerkeer,15,2019-08-22,381906,Schoor,single_carriageway,IW,,public_road,surveyed,AWV114,District Geel,254.23,3.5256105415706385,6.0,True,tier4:wegenregister_with_cycleway,1,2,5,0,0,1,0,0,0,0,0,0
100052865,Balen 2,5.19003,51.16018,Balen,AWV114,N0180002,Vlaamse Overheid A. Wegen enVerkeer,15,2019-08-22,381906,Schoor,single_carriageway,IW,,public_road,surveyed,AWV114,District Geel,254.23,4.312523119127889,6.0,True,tier4:wegenregister_with_cycleway,1,2,5,0,0,1,0,0,0,0,0,0
100052866,Evergem 2,3.70298,51.10894,Evergem,AWV413,N4560001,Vlaamse Overheid A. Wegen enVerkeer,15,2019-08-22,700574,Christoffelweg,single_carriageway,IW,,public_road,surveyed,AWV413,District Eeklo,320.63,2.992821209230744,6.0,True,tier4:wegenregister_with_cycleway,1,8,12,0,3,4,0,0,1,0,2,3
100052867,Evergem 1,3.70317,51.1089,Evergem,AWV413,N4560001,Vlaamse Overheid A. Wegen enVerkeer,15,2019-08-22,700574,Christoffelweg,single_carriageway,IW,,public_road,surveyed,AWV413,District Eeklo,320.63,8.067686618566535,6.0,True,tier4:wegenregister_with_cycleway,2,8,12,0,3,4,0,0,1,0,2,3
100052868,Heist op den Berg 1,4.68823,51.06759,Heist-op-den-Berg,AWV112,N0150001,Vlaamse Overheid A. Wegen enVerkeer,15,2019-08-22,487516,Mechelsesteenweg,single_carriageway,RW,,public_road,surveyed,AWV112,District Puurs,180.31,6.23275259415549,7.0,True,tier4:wegenregister_with_cycleway,1,2,13,2,2,2,0,1,1,0,2,4
100052869,Heist op den Berg 2,4.69524,51.06904,Heist-op-den-Berg,AWV112,N0150001,Vlaamse Overheid A. Wegen enVerkeer,15,2019-08-22,494135,Mechelsesteenweg,single_carriageway,RW,,public_road,surveyed,AWV112,District Puurs,147.62,4.21845109538269,7.0,True,tier4:wegenregister_with_cycleway,6,11,19,0,1,3,0,1,1,3,4,5
100052870,Aalst 2,4.01571,50.93549,Aalst,AWV415,R0410001,Vlaamse Overheid A. Wegen enVerkeer,15,2019-08-22,1059775,,cycleway_footpath,-9,not_applicable,public_road,surveyed,AWV415,District Aalst,236.99,0.8524557508652271,2.0,True,tier2:dedicated_path_width,3,6,32,0,1,7,0,0,1,1,1,5
100052871,Aalst 3,4.01647,50.93385,Aalst,AWV415,R0410001,Vlaamse Overheid A. Wegen enVerkeer,15,2019-08-22,1059816,,cycleway_footpath,-9,not_applicable,public_road,surveyed,41002,Stad Aalst,425.27,7.093241275613349,2.0,True,tier2:dedicated_path_width,0,5,25,0,2,6,0,0,1,1,1,5
100052872,Tervuren,4.47803,50.81896,Kraainem,AWV213,N0030001,Vlaamse Overheid A. Wegen enVerkeer,15,2019-08-22,661525,Tervurenlaan,divided_road_non_motorway,IW,,public_road,surveyed,AWV213,District Leuven,117.82,3.017841246925448,2.0,True,tier1:explicit_cycleway_width,0,1,2,0,0,0,0,0,0,0,0,0
100052873,Gent,3.70146,51.03018,Gent,AWV411,T0040001,Vlaamse Overheid A. Wegen enVerkeer,15,2019-08-22,202654,Binnenring-Sint-Denijs,cycleway_footpath,-9,not_applicable,public_road,surveyed,AWV411,District Gent,564.29,7.612623177960495,2.0,True,tier2:dedicated_path_width,0,4,41,1,5,8,0,0,2,0,0,10
100052874,Genk,5.48927,50.97172,Genk,AWV720,N0760002,Vlaamse Overheid A. Wegen enVerkeer,15,2019-08-22,1046374,Kielenswenbergweg,single_carriageway,EW,local_access_road,public_road,surveyed,71016,Stad Genk,87.1,1.9108381955817555,2.0,True,tier2:dedicated_path_width,3,4,51,0,0,4,0,0,7,0,0,5
100052878,Oostende 2,2.92743,51.21371,Oostende,AWV315,N3460001,Vlaamse Overheid A. Wegen enVerkeer,15,2019-08-22,844611,Gistelsesteenweg,single_carriageway,IW,,public_road,surveyed,AWV315,District Oostende,27.16,10.217223039063015,2.0,True,tier2:dedicated_path_width,0,3,10,0,3,3,0,0,0,0,3,9
100052879,Kortrijk 1,3.27777,50.83332,Kortrijk,AWV312,N0430002,Vlaamse Overheid A. Wegen enVerkeer,15,2019-08-22,819208,Gentsesteenweg,divided_road_non_motorway,OW,,public_road,surveyed,AWV312,District Kortrijk,73.63,10.451743907585845,1.5,True,tier2:dedicated_path_width,7,11,105,0,1,3,0,1,7,1,1,4
100052880,Kortrijk 2,3.27773,50.83339,Kortrijk,AWV312,N0430002,Vlaamse Overheid A. Wegen enVerkeer,15,2019-08-22,819208,Gentsesteenweg,divided_road_non_motorway,OW,,public_road,surveyed,AWV312,District Kortrijk,73.63,2.9130582562179352,1.5,True,tier2:dedicated_path_width,7,11,103,0,1,3,0,1,7,1,1,4
100052881,Oostende 1,2.92765,51.21378,Oostende,AWV315,N3460001,Vlaamse Overheid A. Wegen enVerkeer,15,2019-08-22,844611,Gistelsesteenweg,single_carriageway,IW,,public_road,surveyed,AWV315,District Oostende,27.16,6.978346083222746,2.0,True,tier2:dedicated_path_width,0,3,10,0,3,3,0,0,0,0,3,9
100052883,Aalst 1,4.01471,50.93433,Aalst,AWV415,R0410002,Vlaamse Overheid A. Wegen enVerkeer,15,2019-08-22,1059778,,cycleway_footpath,-9,not_applicable,public_road,surveyed,AWV415,District Aalst,370.36,2.374602763398719,2.0,True,tier2:dedicated_path_width,0,4,24,0,0,4,0,0,1,0,1,5
100052884,Brugge,3.20048,51.17416,Brugge,AWV311,N3970001,Vlaamse Overheid A. Wegen enVerkeer,15,2019-08-22,1014967,Koning Albert I-laan,divided_road_non_motorway,IW,,public_road,surveyed,AWV311,District Brugge,298.68,1.5522068175058303,1.5,True,tier2:dedicated_path_width,0,0,0,0,0,1,1,2,3,0,0,0
100052875,Bilzen,5.50161,50.86015,Bilzen,AWV719,N7300001,Vlaamse Overheid A. Wegen enVerkeer,15,2019-08-31,1057849,Tongersestraat,divided_road_non_motorway,OW,,public_road,surveyed,AWV719,District Zuid Limburg,290.09,10.98505585289272,4.0,True,tier4:wegenregister_with_cycleway,5,13,26,0,0,1,0,0,0,0,0,0
100052876,Tienen 2,4.935984252796022,50.81330800184882,Tienen,AWV214,N0030002,Vlaamse Overheid A. Wegen enVerkeer,15,2019-08-31,1273013,Kabbeekvest,service_road,EW,local_access_road,public_road,surveyed,24107,Stad Tienen,298.02,4.338609461272702,2.0,True,tier2:dedicated_path_width,4,41,178,0,2,12,0,1,5,3,9,19
100052877,Tienen 3,4.93447,50.81324,Tienen,AWV214,N0030002,Vlaamse Overheid A. Wegen enVerkeer,15,2019-08-31,1057796,Pollepelstraat,single_carriageway,EW,local_access_road,public_road,surveyed,24107,Stad Tienen,76.32,11.192637490179475,2.0,True,tier2:dedicated_path_width,6,55,175,0,1,12,0,1,5,2,10,19
100052882,Tienen 1,4.935044252605416,50.8133795491886,Tienen,AWV214,N0290001,Vlaamse Overheid A. Wegen enVerkeer,15,2019-08-31,1057715,Diestsesteenweg,single_carriageway,RW,,public_road,surveyed,AWV214,District Aarschot,36.33,9.241807755291576,2.0,True,tier2:dedicated_path_width,5,45,176,0,2,12,0,1,5,2,8,19
100056189,Bree,5.597669323604317,51.13679500160176,Bree,AWV718,N0730002,Vlaamse Overheid A. Wegen enVerkeer,60,2020-05-09,1069321,,cycleway_footpath,-9,not_applicable,public_road,surveyed,72004,Stad Bree,304.54,6.970619148317628,10.0,True,tier2:dedicated_path_width,4,36,101,1,3,8,0,1,3,0,4,8
300019223,Zaventem,4.45444,50.86995,Zaventem,AWV212,R0220001,Vlaamse Overheid A. Wegen enVerkeer,15,2021-08-06,1156123,,cycleway_footpath,-9,not_applicable,public_road,surveyed,AWV212,District Vilvoorde-gewestwegen,598.5,6.0582590658783255,,True,missing:has_cycleway_no_width,14,38,63,0,0,2,0,0,2,0,0,6
300019372,Grimbergen,4.34013,50.92127,Meise,AWV212,N2760002,Vlaamse Overheid A. Wegen enVerkeer,15,2021-08-14,1136801,,cycleway_footpath,-9,not_applicable,public_road,surveyed,AWV212,District Vilvoorde-gewestwegen,1099.56,6.343648935781744,,True,missing:has_cycleway_no_width,0,0,2,0,0,0,0,0,0,1,1,1
300023447,Heers,5.30314,50.75488,Heers,AWV719,N7840002,Vlaamse Overheid A. Wegen enVerkeer,15,2022-04-14,1058072,Nieuwe Steenweg,single_carriageway,IW,,public_road,surveyed,AWV719,District Zuid Limburg,72.97,3.863481922210249,1.8,True,tier2:dedicated_path_width,1,6,9,1,1,3,0,0,1,0,0,0
300023449,Tongeren,5.52825,50.79286,Tongeren,AWV719,N0790002,Vlaamse Overheid A. Wegen enVerkeer,15,2022-04-14,1057860,,cycleway_footpath,-9,not_applicable,public_road,surveyed,AWV719,District Zuid Limburg,388.44,4.900164056067269,,True,missing:has_cycleway_no_width,2,2,5,0,0,1,0,0,0,0,0,0
300023450,Herk De Stad,5.17691,50.94374,Herk-de-Stad,AWV717,N0020002,Vlaamse Overheid A. Wegen enVerkeer,15,2022-04-14,314693,Steenweg,divided_road_non_motorway,IW,,public_road,surveyed,AWV717,District West Limburg,185.61,6.628233110836363,2.5,True,tier2:dedicated_path_width,2,2,17,0,0,2,0,0,0,0,0,0
300023451,Herk De Stad,5.1775,50.94366,Herk-de-Stad,AWV717,N0020001,Vlaamse Overheid A. Wegen enVerkeer,15,2022-04-14,347663,Steenweg,divided_road_non_motorway,IW,,public_road,surveyed,AWV717,District West Limburg,186.35,3.696167947471252,2.5,True,tier2:dedicated_path_width,2,2,15,0,0,2,0,0,0,0,0,0
300023452,Lummen,5.20961,50.97971,Lummen,AWV717,N7250002,Vlaamse Overheid A. Wegen enVerkeer,15,2022-04-14,397778,Thiewinkelstraat,single_carriageway,IW,,public_road,surveyed,AWV717,District West Limburg,47.97,0.7764290845994147,6.0,True,tier3:shared_road_width_with_cycleway,0,0,1,0,0,0,0,0,1,0,0,0
300023453,Lummen,5.20936,50.97978,Lummen,AWV717,N7250002,Vlaamse Overheid A. Wegen enVerkeer,15,2022-04-14,1274272,Thiewinkelstraat,single_carriageway,IW,,public_road,surveyed,AWV717,District West Limburg,501.21,8.815523460842678,6.0,True,tier3:shared_road_width_with_cycleway,0,0,1,0,0,0,0,0,1,0,0,0
300023486,Heers teller 1,5.3033,50.75486,Heers,AWV719,N7840002,Vlaamse Overheid A. Wegen enVerkeer,15,2022-04-15,1058072,Nieuwe Steenweg,single_carriageway,IW,,public_road,surveyed,AWV719,District Zuid Limburg,72.97,7.002623767154892,1.8,True,tier2:dedicated_path_width,1,6,9,1,1,3,0,0,1,0,0,0
300023487,Lanaken teller 1,5.6314,50.88112,Lanaken,AWV718,N0780001,Vlaamse Overheid A. Wegen enVerkeer,15,2022-04-15,994825,,cycleway_footpath,-9,not_applicable,public_road,surveyed,AWV718,District Oost Limburg,123.29,8.181487485001277,1.5,True,tier1:explicit_cycleway_width,0,2,4,0,0,1,0,0,0,0,0,0
300023488,Lanaken teller 2,5.63012,50.88131,Lanaken,AWV718,N0780002,Vlaamse Overheid A. Wegen enVerkeer,15,2022-04-15,1058659,Tongersesteenweg,divided_road_non_motorway,RW,,public_road,surveyed,AWV718,District Oost Limburg,65.74,8.245047583518748,1.5,True,tier1:explicit_cycleway_width,0,3,3,0,0,1,0,0,0,0,0,0
300023527,Lommel teller 1,5.29211,51.23299,Lommel,AWV717,N7120002,Vlaamse Overheid A. Wegen enVerkeer,15,2022-04-20,272394,Molsekiezel,single_carriageway,IW,,public_road,surveyed,AWV717,District West Limburg,149.68,9.89459697449106,6.0,True,tier4:wegenregister_with_cycleway,3,6,16,0,1,2,0,0,2,0,1,2
300023528,Lommel teller 2,5.29189,51.23277,Lommel,AWV717,N7120002,Vlaamse Overheid A. Wegen enVerkeer,15,2022-04-20,272394,Molsekiezel,single_carriageway,IW,,public_road,surveyed,AWV717,District West Limburg,149.68,13.61160762150374,6.0,True,tier4:wegenregister_with_cycleway,3,6,16,0,1,2,0,0,1,0,1,2
300023529,Peer teller 1,5.47817,51.13425,Peer,AWV718,N0730002,Vlaamse Overheid A. Wegen enVerkeer,15,2022-04-20,61362,,cycleway_footpath,-9,not_applicable,public_road,surveyed,72030,Stad Peer,390.01,3.709858121366808,,True,missing:has_cycleway_no_width,0,2,4,0,0,1,0,0,0,0,0,0
300023530,Peer teller 2,5.47892,51.13438,Peer,AWV718,N0730002,Vlaamse Overheid A. Wegen enVerkeer,15,2022-04-20,374706,Baan naar Bree,single_carriageway,RW,,public_road,surveyed,AWV718,District Oost Limburg,214.23,7.009008085895395,7.0,True,tier4:wegenregister_with_cycleway,0,2,4,0,0,0,0,0,0,0,0,0
300023581,Maasmechelen teller 1,5.69799,50.97025,Maasmechelen,AWV718,N0780001,Vlaamse Overheid A. Wegen enVerkeer,15,2022-04-22,313954,Rijksweg,divided_road_non_motorway,OW,,public_road,surveyed,AWV718,District Oost Limburg,463.41,3.3608725818497516,1.7,True,tier2:dedicated_path_width,5,11,41,1,1,4,0,0,0,0,2,4
300023582,Maasmechelen teller 2,5.6981,50.97043,Maasmechelen,AWV718,N0780001,Vlaamse Overheid A. Wegen enVerkeer,15,2022-04-22,313954,Rijksweg,divided_road_non_motorway,OW,,public_road,surveyed,AWV718,District Oost Limburg,463.41,0.7133468959452506,1.7,True,tier2:dedicated_path_width,5,11,39,1,1,4,0,0,0,0,1,4
300023680,Maaseik teller 1,5.79715,51.09344,Maaseik,AWV718,N7610001,Vlaamse Overheid A. Wegen enVerkeer,15,2022-04-28,989705,Bleumerpoort,divided_road_non_motorway,OW,,public_road,surveyed,AWV718,District Oost Limburg,26.44,1.0924083353483087,1.5,True,tier2:dedicated_path_width,3,29,63,0,1,9,0,3,3,0,2,3
300023682,Maaseik teller 2,5.79726,51.09359,Maaseik,AWV718,N7610002,Vlaamse Overheid A. Wegen enVerkeer,15,2022-04-28,293512,Bleumerpoort,single_carriageway,EW,local_access_road,public_road,surveyed,72021,Stad Maaseik,174.28,1.705148302140081,1.5,True,tier2:dedicated_path_width,2,29,63,0,1,9,0,3,3,0,2,3
300023741,Pelt teller 1,5.44377,51.23127,Pelt,AWV717,N7120002,Vlaamse Overheid A. Wegen enVerkeer,15,2022-04-30,332512,Hamonterweg,divided_road_non_motorway,EW,local_access_road,public_road,surveyed,AWV717,District West Limburg,68.83,1.1664174323235448,3.0,True,tier4:wegenregister_with_cycleway,2,7,36,0,0,4,0,0,0,0,0,3
300023743,Pelt teller 2,5.44375,51.231,Pelt,AWV717,N7120001,Vlaamse Overheid A. Wegen enVerkeer,15,2022-04-30,302559,St. Antoniusweg,single_carriageway,OW,,public_road,surveyed,72043,Gemeente Pelt,66.52,5.807573106071202,6.0,True,tier4:wegenregister_with_cycleway,2,8,36,0,0,4,0,0,0,0,0,3
300024198,Vilvoorde,4.41497,50.91372,Vilvoorde,AWV212,N2600002,Vlaamse Overheid A. Wegen enVerkeer,15,2022-05-19,781278,Brusselsesteenweg,single_carriageway,EW,local_access_road,public_road,surveyed,AWV212,District Vilvoorde-gewestwegen,146.29,16.218929915143953,3.8,True,tier2:dedicated_path_width,0,2,7,0,1,1,0,0,0,0,1,1
300024443,As,5.60389,51.00509,As,AWV718,T7230001,Vlaamse Overheid A. Wegen enVerkeer,15,2022-06-01,1131304,,cycleway_footpath,-9,not_applicable,public_road,surveyed,AWV718,District Oost Limburg,410.31,10.132267685385397,1.7,True,tier2:dedicated_path_width,0,1,1,0,0,0,1,1,1,0,0,0
300024444,Bokrijk,5.41001,50.95264,Genk,AWV720,N0750002,Vlaamse Overheid A. Wegen enVerkeer,15,2022-06-01,1139584,Hasseltweg,divided_road_non_motorway,IW,,public_road,surveyed,AWV720,District Centraal Limburg,87.36,4.96188607846499,0.5,True,tier2:dedicated_path_width,2,2,6,0,0,1,1,2,2,1,1,1
300024454,"Brugge, Sint-Andries",3.16252,51.19291,Brugge,AWV311,N3670002,Vlaamse Overheid A. Wegen enVerkeer,15,2022-06-01,816881,Gistelse Steenweg,single_carriageway,IW,,public_road,surveyed,AWV311,District Brugge,105.39,8.719605358328243,8.0,True,tier4:wegenregister_with_cycleway,1,1,5,0,0,1,0,0,2,0,0,4
300024455,"Brugge, Sint-Andries",3.16252,51.19281,Brugge,AWV311,N3670002,Vlaamse Overheid A. Wegen enVerkeer,15,2022-06-01,816881,Gistelse Steenweg,single_carriageway,IW,,public_road,surveyed,AWV311,District Brugge,105.39,1.725896781004643,8.0,True,tier4:wegenregister_with_cycleway,1,1,5,0,0,1,0,0,2,0,0,4
300024459,Brugge,3.24095,51.22632,Brugge,AWV311,N3740002,Vlaamse Overheid A. Wegen enVerkeer,15,2022-06-01,965566,Jules van Praetstraat,single_carriageway,OW,,public_road,surveyed,AWV311,District Brugge,63.26,3.205234111187189,6.0,True,tier4:wegenregister_with_cycleway,0,6,25,0,0,4,0,1,3,0,1,3
300024499,Brugge teller 1,3.228,51.23023,Brugge,AWV311,N3760002,Vlaamse Overheid A. Wegen enVerkeer,15,2022-06-02,903818,Dudzeelse Steenweg,single_carriageway,IW,,public_road,surveyed,AWV311,District Brugge,81.32,7.069152595848963,1.97,True,tier2:dedicated_path_width,3,5,36,0,2,3,0,0,2,0,1,3
300024500,Brugge teller 2,3.22818,51.23015,Brugge,AWV311,N3760002,Vlaamse Overheid A. Wegen enVerkeer,15,2022-06-02,903818,Dudzeelse Steenweg,single_carriageway,IW,,public_road,surveyed,AWV311,District Brugge,81.32,7.094432890086627,1.97,True,tier2:dedicated_path_width,3,5,36,0,2,3,0,0,2,0,1,3
300024504,Torhout teller 1,3.08261,51.07161,Torhout,AWV316,N0330001,Vlaamse Overheid A. Wegen enVerkeer,15,2022-06-02,799305,Oostendestraat,single_carriageway,RW,,public_road,surveyed,AWV316,District Pittem,187.93,11.623476727347146,6.0,True,tier4:wegenregister_with_cycleway,5,9,14,0,0,1,0,0,0,0,1,2
300024505,Torhout teller 2,3.08244,51.07147,Torhout,AWV316,N0330001,Vlaamse Overheid A. Wegen enVerkeer,15,2022-06-02,799305,Oostendestraat,single_carriageway,RW,,public_road,surveyed,AWV316,District Pittem,187.93,7.666440984037177,6.0,True,tier4:wegenregister_with_cycleway,5,9,14,0,0,1,0,0,0,0,1,2
300024549,Meulebeke teller 1,3.24491,50.96056,Meulebeke,AWV316,N0500001,Vlaamse Overheid A. Wegen enVerkeer,15,2022-06-03,862009,Bruggesteenweg,single_carriageway,IW,,public_road,surveyed,AWV316,District Pittem,128.52,12.742570308604968,6.0,True,tier4:wegenregister_with_cycleway,2,2,3,1,1,1,0,0,0,0,0,0
300024550,Meulebeke teller 2,3.24471,50.96021,Meulebeke,AWV316,N0500001,Vlaamse Overheid A. Wegen enVerkeer,15,2022-06-03,855482,Bruggesteenweg,single_carriageway,IW,,public_road,surveyed,AWV316,District Pittem,162.14,5.728575890927197,6.0,True,tier4:wegenregister_with_cycleway,2,2,3,1,1,1,0,0,0,0,0,0
300024551,Ardooie teller 1,3.18479,50.96784,Ardooie,AWV316,N0370002,Vlaamse Overheid A. Wegen enVerkeer,15,2022-06-03,805967,Roeselaarsestraat,single_carriageway,IW,,public_road,surveyed,AWV316,District Pittem,416.93,11.568021673589037,3.0,True,tier3:shared_road_width_with_cycleway,0,2,7,0,0,0,0,0,0,0,0,0
300024552,Ardooie teller 2,3.18411,50.96783,Ardooie,AWV316,N0370002,Vlaamse Overheid A. Wegen enVerkeer,15,2022-06-03,805967,Roeselaarsestraat,single_carriageway,IW,,public_road,surveyed,AWV316,District Pittem,416.93,12.46821619013266,3.0,True,tier3:shared_road_width_with_cycleway,0,2,7,0,0,0,0,0,0,0,0,0
300024592,Wervik teller 2,3.0921,50.80555,Wervik,AWV312,N0080001,Vlaamse Overheid A. Wegen enVerkeer,15,2022-06-05,927241,Menenstraat,single_carriageway,OW,,public_road,surveyed,AWV312,District Kortrijk,148.82,2.8675210894730507,1.5,True,tier2:dedicated_path_width,2,7,18,0,0,0,0,0,0,0,0,0
300024594,Wervik teller 1,3.09154,50.8058,Wervik,AWV312,N0080001,Vlaamse Overheid A. Wegen enVerkeer,15,2022-06-05,927241,Menenstraat,single_carriageway,OW,,public_road,surveyed,AWV312,District Kortrijk,148.82,3.1803094309565667,1.5,True,tier2:dedicated_path_width,1,7,19,0,0,1,0,0,0,0,0,0
300025204,Nieuwpoort teller 3,2.74289,51.13529,Nieuwpoort,AWV315,N0340002,Vlaamse Overheid A. Wegen enVerkeer,15,2022-06-24,1073005,,divided_road_non_motorway,OW,,public_road,surveyed,AWV315,District Oostende,303.27,0.08559453394522004,2.0,True,tier2:dedicated_path_width,1,16,30,0,0,1,0,1,2,0,0,2
300025205,Nieuwpoort teller 1,2.75737,51.13359,Nieuwpoort,AWV315,N3800002,Vlaamse Overheid A. Wegen enVerkeer,15,2022-06-24,957353,,single_carriageway,EW,local_access_road,public_road,surveyed,PARTIC,"Particulier, privaat persoon of instelling",79.3,6.544750572462265,2.0,True,tier2:dedicated_path_width,3,8,22,1,1,4,0,1,3,0,0,2
300025206,Nieuwpoort teller 2,2.75511,51.13435,Nieuwpoort,AWV315,N0340002,Vlaamse Overheid A. Wegen enVerkeer,15,2022-06-24,817352,,cycleway_footpath,-9,not_applicable,public_road,surveyed,AWV315,District Oostende,345.95,1.8299225828894228,2.0,True,tier2:dedicated_path_width,4,13,24,0,1,4,0,1,3,0,0,2
300025380,Nieuwpoort totem,2.74369,51.1347,Nieuwpoort,AWV315,N0340001,Vlaamse Overheid A. Wegen enVerkeer,15,2022-06-30,864267,,cycleway_footpath,-9,not_applicable,public_road,surveyed,AWV315,District Oostende,84.77,0.16176968597167116,2.0,True,tier2:dedicated_path_width,0,15,30,0,0,4,0,1,2,0,0,2
300025382,Ieper totem,2.85624,50.85018,Ieper,AWV313,N3080002,Vlaamse Overheid A. Wegen enVerkeer,15,2022-06-30,1131750,Poperingseweg,single_carriageway,OW,,public_road,surveyed,AWV313,District Ieper,266.99,4.111372570200533,7.0,True,tier4:wegenregister_with_cycleway,0,3,3,0,0,2,0,0,0,0,0,0
300025383,Ieper,2.85608,50.85032,Ieper,AWV313,N3080002,Vlaamse Overheid A. Wegen enVerkeer,15,2022-06-30,1131750,Poperingseweg,single_carriageway,OW,,public_road,surveyed,AWV313,District Ieper,266.99,9.694558014203851,7.0,True,tier4:wegenregister_with_cycleway,0,2,3,0,0,2,0,0,0,0,0,0
300025572,Leuven teller 1,4.71526,50.87549,Leuven,AWV213,R0230002,Vlaamse Overheid A. Wegen enVerkeer,15,2022-07-07,432977,Tiensevest,divided_road_non_motorway,IW,,public_road,surveyed,AWV213,District Leuven,176.37,7.954468222371806,2.0,True,tier1:explicit_cycleway_width,8,39,371,0,13,71,0,2,16,0,4,27
300025573,Kampenhout teller 1,4.59318,50.95682,Kampenhout,AWV212,N0210001,Vlaamse Overheid A. Wegen enVerkeer,15,2022-07-07,74465,,cycleway_footpath,-9,not_applicable,public_road,surveyed,AWV212,District Vilvoorde-gewestwegen,127.94,2.920185185621772,1.0,True,tier2:dedicated_path_width,1,6,36,0,0,0,0,0,0,0,0,0
300025574,Kampenhout teller 2,4.59164,50.95589,Kampenhout,AWV212,N0260002,Vlaamse Overheid A. Wegen enVerkeer,15,2022-07-07,1107975,,cycleway_footpath,-9,not_applicable,public_road,surveyed,AWV212,District Vilvoorde-gewestwegen,72.45,6.201171697802922,2.0,True,tier2:dedicated_path_width,2,6,35,0,0,0,0,0,0,0,0,0
300025575,Herent teller 1,4.64689,50.89135,Herent,AWV213,N0020002,Vlaamse Overheid A. Wegen enVerkeer,15,2022-07-07,1012617,Brusselsesteenweg,divided_road_non_motorway,IW,,public_road,surveyed,AWV213,District Leuven,71.15,8.382230756288706,3.0,True,tier3:shared_road_width_with_cycleway,2,2,7,0,0,3,0,0,0,0,0,2
300025576,Herent teller 2,4.64685,50.89128,Herent,AWV213,N0020002,Vlaamse Overheid A. Wegen enVerkeer,15,2022-07-07,1012617,Brusselsesteenweg,divided_road_non_motorway,IW,,public_road,surveyed,AWV213,District Leuven,71.15,0.10400441929759931,3.0,True,tier3:shared_road_width_with_cycleway,2,2,7,0,0,3,0,0,0,0,0,2
300025577,Kortrijk teller 1,3.25728,50.81909,Kortrijk,AWV312,N0430001,Vlaamse Overheid A. Wegen enVerkeer,15,2022-07-07,808375,Pottelberg,single_carriageway,OW,,public_road,surveyed,AWV312,District Kortrijk,187.2,6.606543304111996,13.0,True,tier4:wegenregister_with_cycleway,0,2,42,1,6,18,0,1,7,0,0,2
300025580,Kortrijk teller 2,3.25731,50.81925,Kortrijk,AWV312,N0430001,Vlaamse Overheid A. Wegen enVerkeer,15,2022-07-07,808375,Pottelberg,single_carriageway,OW,,public_road,surveyed,AWV312,District Kortrijk,187.2,13.64574582495414,13.0,True,tier4:wegenregister_with_cycleway,0,2,43,1,6,18,0,1,7,0,0,2
300025592,Heverlee teller 2,4.69597,50.84606,Leuven,AWV213,A0030002,Vlaamse Overheid A. Wegen enVerkeer,15,2022-07-07,475790,,motorway,EHW,,public_road,surveyed,AWV213,District Leuven,3534.07,1.061822794925333,3.0,True,tier2:dedicated_path_width,0,0,0,0,0,0,0,0,0,0,0,0
300025593,Leuven teller 2,4.70796,50.88672,Leuven,AWV213,R0230012,Vlaamse Overheid A. Wegen enVerkeer,15,2022-07-07,545864,Zoutstraat,ramp_grade_separated,IW,,public_road,surveyed,AWV213,District Leuven,131.67,8.179490791522737,3.0,True,tier2:dedicated_path_width,3,28,462,0,3,23,1,2,19,3,5,33
300025808,Pepingen teller 1,4.1652,50.75824,Pepingen,AWV211,N0280001,Vlaamse Overheid A. Wegen enVerkeer,15,2022-07-13,1269624,Ninoofsesteenweg,single_carriageway,RW,,public_road,surveyed,AWV211,District Halle,411.31,4.072661857565858,7.0,True,tier4:wegenregister_with_cycleway,3,5,8,1,2,2,0,0,0,0,0,1
300025809,Pepingen teller 2,4.16537,50.75848,Pepingen,AWV211,N0280001,Vlaamse Overheid A. Wegen enVerkeer,15,2022-07-13,1269624,Ninoofsesteenweg,single_carriageway,RW,,public_road,surveyed,AWV211,District Halle,411.31,25.194109672349303,7.0,True,tier4:wegenregister_with_cycleway,3,5,8,1,2,2,0,0,0,0,0,1
300025810,Wemmel teller 1,4.29571,50.91418,Wemmel,AWV212,N2900001,Vlaamse Overheid A. Wegen enVerkeer,15,2022-07-13,611865,Windberg,single_carriageway,OW,,public_road,surveyed,AWV212,District Vilvoorde-gewestwegen,145.97,6.743973616068322,2.5,True,tier2:dedicated_path_width,0,2,48,0,0,3,0,0,0,0,0,2
300025811,Wemmel teller 2,4.29568,50.91439,Wemmel,AWV212,N2900001,Vlaamse Overheid A. Wegen enVerkeer,15,2022-07-13,611865,Windberg,single_carriageway,OW,,public_road,surveyed,AWV212,District Vilvoorde-gewestwegen,145.97,4.285668902224443,2.5,True,tier2:dedicated_path_width,0,2,43,0,0,3,0,0,0,0,0,2
300025812,Beersel teller 1,4.33336,50.75128,Beersel,AWV211,N2350002,Vlaamse Overheid A. Wegen enVerkeer,15,2022-07-13,729663,Alsembergsteenweg,single_carriageway,OW,,public_road,surveyed,AWV211,District Halle,110.87,1.6014025686428177,1.0,True,tier2:dedicated_path_width,1,3,4,0,0,3,0,0,0,0,0,0
300025813,Beersel teller 2,4.33304,50.75175,Beersel,AWV211,N2350002,Vlaamse Overheid A. Wegen enVerkeer,15,2022-07-13,729663,Alsembergsteenweg,single_carriageway,OW,,public_road,surveyed,AWV211,District Halle,110.87,13.99014719140745,1.0,True,tier2:dedicated_path_width,0,2,4,0,0,2,0,0,0,0,0,0
300025814,Roeselare totem,3.18772,50.91717,Izegem,GemeenteIzegem,N0369032,Vlaamse Overheid A. Wegen enVerkeer,15,2022-07-13,1067254,Molstraat,single_carriageway,EW,local_access_road,public_road,surveyed,36008,Stad Izegem,129.46,8.223986452089726,3.0,True,tier2:dedicated_path_width,0,4,29,0,0,1,0,0,1,0,0,1
300025855,Asse teller 1,4.17294,50.89621,Asse,AWV212,N2850001,Vlaamse Overheid A. Wegen enVerkeer,15,2022-07-14,1269798,Edingsesteenweg,single_carriageway,IW,,public_road,surveyed,AWV212,District Vilvoorde-gewestwegen,139.48,6.606735240237507,8.0,True,tier4:wegenregister_with_cycleway,0,0,1,0,0,0,0,0,0,0,0,0
300025856,Asse teller 2,4.1709,50.89132,Asse,AWV212,N2850001,Vlaamse Overheid A. Wegen enVerkeer,15,2022-07-14,674321,Edingsesteenweg,single_carriageway,IW,,public_road,surveyed,AWV212,District Vilvoorde-gewestwegen,99.7,9.55819981726147,8.0,True,tier4:wegenregister_with_cycleway,0,0,16,0,0,0,0,0,0,0,0,0
300025932,Aarschot,4.81259,50.99084,Aarschot,AWV214,R0250002,Vlaamse Overheid A. Wegen enVerkeer,15,2022-07-16,1157062,,single_carriageway,EW,local_access_road,public_road,surveyed,PARTIC,"Particulier, privaat persoon of instelling",184.93,1.0811232428064381,1.5,True,tier2:dedicated_path_width,1,5,20,0,0,0,0,0,0,0,0,0
300025933,Westerlo teller 1,4.91325,51.082,Westerlo,AWV114,N0190002,Vlaamse Overheid A. Wegen enVerkeer,15,2022-07-16,1055509,de Merodedreef,divided_road_non_motorway,RW,,public_road,surveyed,AWV114,District Geel,107.19,1.2891440298657848,1.0,True,tier2:dedicated_path_width,0,6,22,0,0,4,0,0,1,0,0,4
300025934,Westerlo teller 2,4.91334,51.08191,Westerlo,AWV114,N0190002,Vlaamse Overheid A. Wegen enVerkeer,15,2022-07-16,1055509,de Merodedreef,divided_road_non_motorway,RW,,public_road,surveyed,AWV114,District Geel,107.19,1.491247989775787,1.0,True,tier2:dedicated_path_width,0,6,22,0,0,4,0,0,1,0,0,4
300026025,Brecht teller 1,4.6243,51.35752,Brecht,AWV123,N1330002,Vlaamse Overheid A. Wegen enVerkeer,15,2022-07-21,561980,Wuustwezelsteenweg,single_carriageway,IW,,public_road,surveyed,AWV123,District Brecht,114.61,5.5819457934316965,1.6,True,tier2:dedicated_path_width,0,0,5,0,0,0,0,0,0,0,0,0
300026026,Brecht teller 2,4.62422,51.35739,Brecht,AWV123,N1330002,Vlaamse Overheid A. Wegen enVerkeer,15,2022-07-21,1146708,Wuustwezelsteenweg,divided_road_non_motorway,IW,,public_road,surveyed,AWV123,District Brecht,73.35,4.959667650283775,1.6,True,tier2:dedicated_path_width,0,0,5,0,0,0,0,0,0,0,0,0
300026086,Nijlen teller 1,4.64479,51.14989,Nijlen,AWV114,N0130001,Vlaamse Overheid A. Wegen enVerkeer,15,2022-07-24,544036,Grote Steenweg,single_carriageway,EW,local_access_road,public_road,surveyed,12026,Gemeente Nijlen,149.35,5.914605448015711,3.0,True,tier4:wegenregister_with_cycleway,0,0,1,0,0,1,0,0,0,0,0,1
300026087,Nijlen teller 2,4.64469,51.14998,Nijlen,AWV114,N0130001,Vlaamse Overheid A. Wegen enVerkeer,15,2022-07-24,544036,Grote Steenweg,single_carriageway,EW,local_access_road,public_road,surveyed,12026,Gemeente Nijlen,149.35,5.868408523336237,3.0,True,tier4:wegenregister_with_cycleway,0,0,1,0,0,1,0,0,0,0,0,1
300026090,Herentals teller 2,4.81283,51.17345,Herentals,AWV114,N0130002,Vlaamse Overheid A. Wegen enVerkeer,15,2022-07-24,1148289,Lierseweg,divided_road_non_motorway,IW,,public_road,surveyed,AWV114,District Geel,271.84,4.060122518941198,3.0,True,tier4:wegenregister_with_cycleway,3,9,14,0,0,0,0,0,0,0,1,3
300026104,Lier teller 1,4.58437,51.11687,Lier,AWV123,N0100002,Vlaamse Overheid A. Wegen enVerkeer,15,2022-07-26,533926,Aarschotsesteenweg,single_carriageway,RW,,public_road,surveyed,AWV123,District Brecht,89.39,11.27612922681846,7.0,True,tier4:wegenregister_with_cycleway,0,0,4,0,0,0,1,1,1,0,0,0
300026105,Lier teller 2,4.58444,51.11705,Lier,AWV123,N0100002,Vlaamse Overheid A. Wegen enVerkeer,15,2022-07-26,533926,Aarschotsesteenweg,single_carriageway,RW,,public_road,surveyed,AWV123,District Brecht,89.39,6.77800261742798,7.0,True,tier4:wegenregister_with_cycleway,0,0,5,0,0,0,1,1,1,0,0,0
300026110,Geel teller 1,4.99698,51.14813,Geel,AWV114,N1260001,Vlaamse Overheid A. Wegen enVerkeer,15,2022-07-26,412435,Winkelom,single_carriageway,IW,,public_road,surveyed,AWV114,District Geel,330.06,13.090114340845513,6.0,True,tier4:wegenregister_with_cycleway,0,7,9,0,0,0,0,0,0,0,0,1
300026111,Geel teller 2,4.99643,51.1481,Geel,AWV114,N1260001,Vlaamse Overheid A. Wegen enVerkeer,15,2022-07-26,412435,Winkelom,single_carriageway,IW,,public_road,surveyed,AWV114,District Geel,330.06,13.79269330135927,6.0,True,tier4:wegenregister_with_cycleway,0,6,9,0,0,0,0,0,0,0,0,1
300026136,Mechelen teller 1,4.46882,51.04564,Mechelen,AWV112,N0010002,Vlaamse Overheid A. Wegen enVerkeer,15,2022-07-28,625904,Antwerpsesteenweg,divided_road_non_motorway,OW,,public_road,surveyed,AWV112,District Puurs,42.22,0.4197761410782645,2.0,True,tier1:explicit_cycleway_width,1,4,42,1,5,7,0,0,0,0,1,6
300026137,Mechelen teller 2,4.46883,51.0457,Mechelen,AWV112,N0010001,Vlaamse Overheid A. Wegen enVerkeer,15,2022-07-28,731682,Antwerpsesteenweg,divided_road_non_motorway,OW,,public_road,surveyed,AWV112,District Puurs,38.88,2.715196611461554,2.0,True,tier1:explicit_cycleway_width,1,4,42,1,5,7,0,0,0,0,1,6
300026274,Diest teller 1,5.04481,50.97799,Diest,AWV214,N0020001,Vlaamse Overheid A. Wegen enVerkeer,15,2022-08-02,1273285,Leuvensesteenweg,divided_road_non_motorway,IW,,public_road,surveyed,AWV214,District Aarschot,107.87,1.4454212322211755,3.5,True,tier3:shared_road_width_with_cycleway,20,35,160,0,0,6,1,2,4,0,0,7
300026275,Diest teller 2,5.04474,50.9779,Diest,AWV214,N0020001,Vlaamse Overheid A. Wegen enVerkeer,15,2022-08-02,1273285,Leuvensesteenweg,divided_road_non_motorway,IW,,public_road,surveyed,AWV214,District Aarschot,107.87,0.6922249408467026,3.5,True,tier3:shared_road_width_with_cycleway,22,36,157,0,0,6,1,2,4,0,0,7
300026302,Malle teller 1,4.73872,51.31681,Malle,AWV123,N0140002,Vlaamse Overheid A. Wegen enVerkeer,15,2022-08-03,478574,Hoogstraatsebaan,single_carriageway,IW,,public_road,surveyed,AWV123,District Brecht,183.35,7.335199871125788,6.0,True,tier4:wegenregister_with_cycleway,0,0,1,0,0,0,0,0,0,0,0,0
300026303,Malle teller 2,4.73852,51.31682,Malle,AWV123,N0140002,Vlaamse Overheid A. Wegen enVerkeer,15,2022-08-03,478574,Hoogstraatsebaan,single_carriageway,IW,,public_road,surveyed,AWV123,District Brecht,183.35,6.59781250679358,6.0,True,tier4:wegenregister_with_cycleway,0,0,1,0,0,0,0,0,0,0,0,0
300026348,St. pieters leeuw teller 2,4.24943,50.75509,Halle,AWV211,N2310001,Vlaamse Overheid A. Wegen enVerkeer,15,2022-08-04,635195,Alsembergsesteenweg,single_carriageway,IW,,public_road,surveyed,AWV211,District Halle,312.47,7.951097592271768,6.0,True,tier4:wegenregister_with_cycleway,2,7,15,0,0,0,0,0,1,0,0,0
300026349,St. pieters leeuw teller 1,4.24951,50.75533,Sint-Pieters-Leeuw,AWV211,N2310001,Vlaamse Overheid A. Wegen enVerkeer,15,2022-08-04,635195,Alsembergsesteenweg,single_carriageway,IW,,public_road,surveyed,AWV211,District Halle,312.47,15.796444412148139,6.0,True,tier4:wegenregister_with_cycleway,3,7,15,0,0,0,0,0,1,0,0,0
300026758,leuven totem,4.7087919,50.8870744,Leuven,AWV213,R0230022,Vlaamse Overheid A. Wegen enVerkeer,15,2022-08-23,409504,Redersstraat,ramp_grade_separated,IW,,public_road,surveyed,AWV213,District Leuven,189.1,0.3847326753981641,3.0,True,tier2:dedicated_path_width,0,21,434,0,3,20,1,2,16,1,5,31
300026820,Heverlee teller 1,4.6954674,50.8471728,Leuven,AWV213,N2510001,Vlaamse Overheid A. Wegen enVerkeer,15,2022-08-25,525702,Naamsesteenweg,single_carriageway,IW,,public_road,surveyed,AWV213,District Leuven,44.88,5.947472519609739,3.0,True,tier2:dedicated_path_width,0,0,2,0,0,1,0,0,0,0,0,0
300026861,Zemst,4.4707023,50.9903936,Zemst,AWV212,A0010002,Vlaamse Overheid A. Wegen enVerkeer,15,2022-08-26,1156185,,single_carriageway,EW,local_access_road,public_road,surveyed,V0031,Afdeling Regio Centraal,663.11,30.230486773732917,3.0,True,tier2:dedicated_path_width,0,15,31,0,0,1,0,0,0,0,1,2
300026986,Herentals totem,4.811783,51.1739426,Herentals,AWV114,N0130002,Vlaamse Overheid A. Wegen enVerkeer,15,2022-08-31,530009,Lierseweg,single_carriageway,EW,local_access_road,public_road,surveyed,13011,Stad Herentals,132.41,17.371062241680157,5.0,True,tier4:wegenregister_with_cycleway,2,8,14,0,0,0,0,0,0,0,0,3
300027064,Zaventem totem,4.4597084,50.8871216,Zaventem,AWV212,R0220001,Vlaamse Overheid A. Wegen enVerkeer,15,2022-09-02,1193351,,cycleway_footpath,-9,not_applicable,public_road,surveyed,23047,Gemeente Machelen (Brab.),256.25,5.546044188013175,3.5,True,tier1:explicit_cycleway_width,0,5,34,0,2,4,0,2,6,0,0,5
300027129,Geel teller 2,4.9394789,51.1354992,Westerlo,AWV114,N0190112,Vlaamse Overheid A. Wegen enVerkeer,15,2022-09-06,1002675,,ramp_grade_separated,OW,,public_road,surveyed,AWV114,District Geel,205.02,14.433295241361293,6.0,True,tier4:wegenregister_with_cycleway,0,13,28,0,0,2,0,1,1,0,0,0
300027489,Deinze teller 2,3.55578,50.96018,Deinze,AWV411,N0350002,Vlaamse Overheid A. Wegen enVerkeer,15,2022-09-21,1086582,Steenweg Deinze,divided_road_non_motorway,RW,,public_road,surveyed,AWV411,District Gent,122.14,16.3886129901224,7.0,True,tier4:wegenregister_with_cycleway,0,1,3,0,0,0,0,0,0,0,0,0
300027499,Deinze teller 1,3.555502,50.9598305,Nazareth,AWV411,N0350001,Vlaamse Overheid A. Wegen enVerkeer,15,2022-09-21,1104667,,cycleway_footpath,-9,not_applicable,public_road,surveyed,44086,Gemeente Nazareth-De Pinte,363.8,3.03557692042866,,True,missing:has_cycleway_no_width,0,1,3,0,0,0,0,0,0,0,0,0
300027871,Aalter,3.4350591,51.1058367,Aalter,AWV413,N0440002,Vlaamse Overheid A. Wegen enVerkeer,15,2022-10-01,897705,Knokkebaan,divided_road_non_motorway,VHW,,public_road,surveyed,AWV413,District Eeklo,636.07,2.548653206795912,1.0,True,tier2:dedicated_path_width,5,9,17,0,1,3,0,0,1,0,0,1
300027878,Melle teller 2,3.8040599,50.9986113,Melle,AWV411,N4650001,Vlaamse Overheid A. Wegen enVerkeer,15,2022-10-01,592784,Geraardsbergsesteenweg,single_carriageway,OW,,public_road,surveyed,AWV411,District Gent,79.71,3.7994563521774434,6.0,True,tier4:wegenregister_with_cycleway,1,5,17,0,1,5,0,0,0,0,1,5
300027879,Melle teller 1,3.8040599,50.9986113,Melle,AWV411,N4650001,Vlaamse Overheid A. Wegen enVerkeer,15,2022-10-01,592784,Geraardsbergsesteenweg,single_carriageway,OW,,public_road,surveyed,AWV411,District Gent,79.71,3.7994563521774434,6.0,True,tier4:wegenregister_with_cycleway,1,5,17,0,1,5,0,0,0,0,1,5
300027898,Gent teller 1,3.7681359,51.028049,Gent,AWV411,N0090002,Vlaamse Overheid A. Wegen enVerkeer,15,2022-10-04,682327,Brusselsesteenweg,divided_road_non_motorway,OW,,public_road,surveyed,AWV411,District Gent,79.88,1.1719604618713144,8.0,True,tier4:wegenregister_with_cycleway,5,13,45,0,1,9,0,0,0,1,1,7
300027900,Gent teller 2,3.7683918,51.0281795,Gent,AWV411,N0090001,Vlaamse Overheid A. Wegen enVerkeer,15,2022-10-04,1026874,Brusselsesteenweg,divided_road_non_motorway,OW,,public_road,surveyed,AWV411,District Gent,94.98,8.80095656516329,8.0,True,tier4:wegenregister_with_cycleway,4,13,45,0,1,9,0,0,0,1,1,7
300027919,Zele teller 1,4.0547741,51.0607671,Zele,AWV414,N0470002,Vlaamse Overheid A. Wegen enVerkeer,15,2022-10-05,596842,Europalaan,divided_road_non_motorway,RW,,public_road,surveyed,AWV414,District St-Niklaas,98.4,6.222903183703311,2.0,True,tier2:dedicated_path_width,0,3,4,0,0,0,1,1,1,0,0,0
300027923,Zele teller 2,4.0556696,51.0604067,Zele,AWV414,N0470001,Vlaamse Overheid A. Wegen enVerkeer,15,2022-10-05,1258121,Huivelde,single_carriageway,EW,local_access_road,public_road,surveyed,42028,Gemeente Zele,592.52,1.5266729877945788,2.0,True,tier2:dedicated_path_width,1,3,4,0,0,0,1,1,1,0,0,0
300027931,Dendermonde teller 2,4.1019222,51.0373918,Dendermonde,AWV415,N0470002,Vlaamse Overheid A. Wegen enVerkeer,15,2022-10-05,572724,,divided_road_non_motorway,RW,,public_road,surveyed,AWV415,District Aalst,251.46,40.24048842384502,3.0,True,tier4:wegenregister_with_cycleway,3,5,61,0,0,10,0,0,1,0,0,3
300027960,Beveren teller 1,4.2362771,51.1964555,Beveren,AWV121,N4850001,Vlaamse Overheid A. Wegen enVerkeer,15,2022-10-06,1050165,Zandstraat,divided_road_non_motorway,EW,local_access_road,public_road,surveyed,AWV121,District Antwerpen,83.04,9.256356768385972,6.0,True,tier4:wegenregister_with_cycleway,0,0,0,0,0,0,0,0,1,0,0,0
300027967,Beveren teller 2,4.2361077,51.1964712,Beveren,AWV121,N4850001,Vlaamse Overheid A. Wegen enVerkeer,15,2022-10-06,1050167,Zandstraat,divided_road_non_motorway,EW,local_access_road,public_road,surveyed,AWV121,District Antwerpen,83.23,1.9786390115852435,,True,missing:has_cycleway_no_width,0,0,0,0,0,0,0,0,1,0,0,0
300028325,Dendermonde totem,4.1025998,51.0372706,Dendermonde,AWV415,N0470002,Vlaamse Overheid A. Wegen enVerkeer,15,2022-10-22,572724,,divided_road_non_motorway,RW,,public_road,surveyed,AWV415,District Aalst,251.46,4.378838101081895,0.8,True,tier3:shared_road_width_with_cycleway,2,5,67,0,0,10,0,0,1,0,0,3
300028358,Hamme totem,4.1469307,51.1017709,Hamme,AWV414,N0410002,Vlaamse Overheid A. Wegen enVerkeer,15,2022-10-25,749856,,single_carriageway,RW,,public_road,surveyed,AWV414,District St-Niklaas,435.04,15.82303487618064,7.0,True,tier4:wegenregister_with_cycleway,11,18,34,0,0,4,0,0,1,0,0,5
300028385,Geel totem,4.9400421,51.1342966,Westerlo,AWV114,N0190161,Vlaamse Overheid A. Wegen enVerkeer,15,2022-10-26,1002676,,ramp_grade_separated,OW,,public_road,surveyed,AWV114,District Geel,199.35,9.03756161111647,4.0,True,tier4:wegenregister_with_cycleway,1,15,29,0,0,2,1,1,1,0,0,0
300028477,Lokeren teller 1,3.97023,51.09644,Lokeren,AWV414,N4070002,Vlaamse Overheid A. Wegen enVerkeer,15,2022-10-29,639887,Hillarestraat,single_carriageway,OW,,public_road,surveyed,AWV414,District St-Niklaas,77.83,5.93539175354361,6.0,True,tier4:wegenregister_with_cycleway,0,2,7,0,0,0,0,0,0,0,0,0
300028478,Lokeren teller 2,3.97025,51.09612,Lokeren,AWV414,N4070002,Vlaamse Overheid A. Wegen enVerkeer,15,2022-10-29,639887,Hillarestraat,single_carriageway,OW,,public_road,surveyed,AWV414,District St-Niklaas,77.83,15.618037673862673,6.0,True,tier4:wegenregister_with_cycleway,0,2,8,0,0,0,0,0,0,0,0,0
300036858,Test site A support,3.9961071208376326,51.08342085,Lokeren,,,Vlaamse Overheid A. Wegen enVerkeer,0,2023-10-21,716732,Maesbossen,single_carriageway,EW,local_access_road,public_road,surveyed,46029,Stad Lokeren,328.38,34.00587671769514,7.0,True,tier4:wegenregister_with_cycleway,0,1,6,0,0,1,0,0,0,0,0,0
300030111,Nevele,3.558569,51.0276612,Deinze,AWV413,N4379021,Vlaamse Overheid A. Wegen enVerkeer,15,2023-01-25,940891,Damstraat,single_carriageway,IW,,public_road,surveyed,AWV413,District Eeklo,221.88,1.561057175927218,6.0,True,tier4:wegenregister_with_cycleway,0,4,18,0,0,1,0,0,0,0,1,2
300030471,Gierde lille,4.8298851,51.245445,Lille,AWV125,N1400002,Vlaamse Overheid A. Wegen enVerkeer,15,2023-02-15,1241846,Gierlebaan,single_carriageway,OW,,public_road,surveyed,AWV125,District Vosselaar,472.56,6.291073678216309,6.0,True,tier4:wegenregister_with_cycleway,1,4,15,0,0,3,0,0,0,0,0,2
300030472,Gierde Lille Totem,4.8297416,51.2453915,Lille,AWV125,N1400002,Vlaamse Overheid A. Wegen enVerkeer,15,2023-02-15,1241846,Gierlebaan,single_carriageway,OW,,public_road,surveyed,AWV125,District Vosselaar,472.56,4.12982617219482,6.0,True,tier4:wegenregister_with_cycleway,1,4,15,0,0,3,0,0,0,0,0,2
300030476,Retie,5.1037658,51.2548405,Dessel,AWV125,N0180002,Vlaamse Overheid A. Wegen enVerkeer,15,2023-02-15,373972,Turnhoutsebaan,single_carriageway,IW,,public_road,surveyed,AWV125,District Vosselaar,217.81,2.448597591482689,6.0,True,tier4:wegenregister_with_cycleway,0,1,4,0,0,0,0,0,0,0,0,0
300030477,Retie 2,5.1040064,51.2544998,Dessel,AWV125,N0180002,Vlaamse Overheid A. Wegen enVerkeer,15,2023-02-15,373972,Turnhoutsebaan,single_carriageway,IW,,public_road,surveyed,AWV125,District Vosselaar,217.81,14.53626847616983,6.0,True,tier4:wegenregister_with_cycleway,0,1,4,0,0,0,0,0,0,0,0,0
300030728,Gent R4,3.7587918,51.0876313,Gent,AWV411,R0040002,Vlaamse Overheid A. Wegen enVerkeer,15,2023-03-01,650412,Eikstraat,single_carriageway,EW,local_access_road,public_road,surveyed,44021,Stad Gent,39.94,12.23570098804334,8.0,True,tier4:wegenregister_with_cycleway,0,1,22,0,0,7,0,0,0,0,0,1
300031561,Hasselt-Kempische brug,5.3417576,50.9411605,Hasselt,AWV720,N0740002,Vlaamse Overheid A. Wegen enVerkeer,15,2023-04-19,1225480,,cycleway_footpath,-9,not_applicable,public_road,surveyed,AWV720,District Centraal Limburg,80.87,0.120443878027764,2.0,True,tier2:dedicated_path_width,3,16,73,0,4,20,0,0,1,0,1,5
300031574,Hasselt-Kempische brug,5.3422472,50.9405318,Hasselt,AWV720,N0740001,Vlaamse Overheid A. Wegen enVerkeer,15,2023-04-20,1225488,,cycleway_footpath,-9,not_applicable,public_road,surveyed,AWV720,District Centraal Limburg,434.1,5.822631465997059,2.0,True,tier2:dedicated_path_width,4,15,82,0,5,22,0,0,2,0,1,6
300031607,Houthalen-Helchteren,5.3819796,51.0644267,Houthalen-Helchteren,AWV717,N7150002,Vlaamse Overheid A. Wegen enVerkeer,15,2023-04-21,393857,Grote Baan,single_carriageway,VHW,,public_road,surveyed,AWV717,District West Limburg,110.21,67.71249776039863,6.0,True,tier4:wegenregister_with_cycleway,1,3,7,0,0,0,0,0,1,0,0,3
300031927,Hasselt ring,5.3438616,50.9300038,Hasselt,AWV720,R0700002,Vlaamse Overheid A. Wegen enVerkeer,15,2023-05-04,1153783,Guldensporenplein,single_carriageway,EW,local_access_road,public_road,surveyed,AWV720,District Centraal Limburg,80.95,0.7259690970058044,,True,missing:has_cycleway_no_width,9,138,270,5,13,35,0,6,11,2,6,16
300036881,TEST Validatie BRUGGE Y2H22022134,3.24095,51.22632,Brugge,AWV311,N3740002,Vlaamse Overheid A. Wegen enVerkeer,15,2023-10-24,965566,Jules van Praetstraat,single_carriageway,OW,,public_road,surveyed,AWV311,District Brugge,63.26,3.205234111187189,6.0,True,tier4:wegenregister_with_cycleway,0,6,25,0,0,4,0,1,3,0,1,3
100038932,Eco Display Classic Budastraat,3.26286,50.83066,Kortrijk,,,Kortrijk Fietst,15,2023-12-08,907139,Budastraat,single_carriageway,EW,local_access_road,public_road,surveyed,34022,Stad Kortrijk,136.64,4.768823027310785,2.0,True,tier2:dedicated_path_width,22,44,155,0,1,9,2,5,14,2,4,7
300038692,test leuven,4.7153726,50.875576,Leuven,AWV213,R0230002,Vlaamse Overheid A. Wegen enVerkeer,15,2024-01-12,135469,,cycleway_footpath,-9,not_applicable,public_road,surveyed,24062,Stad Leuven,180.25,6.312202427892093,2.0,True,tier1:explicit_cycleway_width,5,39,372,0,10,70,0,2,16,0,4,26
300052743,Overijse,4.4908759,50.7885856,District Vilvoorde-gewestwegen,Overijse,A0040002,Vlaamse Overheid A. Wegen en Verkeer,15,2025-05-22,764353,Esdoornenlaan,single_carriageway,EW,local_access_road,public_road,surveyed,23062,Gemeente Overijse,160.09,1.07540332297693,1.0,True,tier2:dedicated_path_width,4,7,29,0,0,2,0,0,1,0,1,2
300052800,Overijse 2,4.4902818,50.7881478,District Vilvoorde-gewestwegen,Overijse,A0040001,Vlaamse Overheid A. Wegen en Verkeer,15,2025-05-23,764353,Esdoornenlaan,single_carriageway,EW,local_access_road,public_road,surveyed,23062,Gemeente Overijse,160.09,5.199398813402052,1.0,True,tier2:dedicated_path_width,2,7,29,0,0,2,0,0,1,0,1,2
300059948,Overijse,4.4975769,50.7797555,District Vilvoorde-gewestwegen,Overijse,A0040001,Vlaamse Overheid A. Wegen en Verkeer,0,2025-08-22,434768,Vlierbeekberg,single_carriageway,EW,local_access_road,public_road,surveyed,23062,Gemeente Overijse,300.86,9.298893584659597,4.0,True,tier2:dedicated_path_width,0,0,24,0,0,0,0,1,1,0,0,2
300060140,Hoeilaart,4.44471001,50.76699493,District Leuven,Hoeilaart,N2750002,Vlaamse Overheid A. Wegen en Verkeer,0,2025-08-23,1112883,,single_carriageway,EW,local_access_road,private_road,surveyed,23033,Gemeente Hoeilaart,23.04,9.308103869835827,1.0,True,tier2:dedicated_path_width,0,0,0,0,0,0,0,2,2,0,0,0
300060264,Machelen,4.43356644,50.88297881,,,,Vlaamse Overheid A. Wegen en Verkeer,0,2025-08-28,1223012,Weg naar Sint-Stevens-Woluwe,cycleway_footpath,-9,not_applicable,public_road,surveyed,23047,Gemeente Machelen (Brab.),597.86,8.346564761085874,4.0,True,tier1:explicit_cycleway_width,0,0,5,0,0,1,0,4,9,0,0,1
300061690,Bertem,4.56136297,50.8687535,District Leuven,Kortenberg,A0030002,Vlaamse Overheid A. Wegen en Verkeer,15,2025-10-17,456628,,motorway,EHW,,public_road,surveyed,AWV213,District Leuven,4183.88,10.07730158461769,1.0,True,tier2:dedicated_path_width,0,0,0,0,0,0,0,0,0,0,0,0
300061739,Leuven,4.6854839,50.8690262,District Leuven,Leuven,N2640002,Vlaamse Overheid A. Wegen en Verkeer,0,2025-10-18,403035,Koning Boudewijnlaan,divided_road_non_motorway,IW,,public_road,surveyed,AWV213,District Leuven,819.71,6.182662904190627,1.5,True,tier1:explicit_cycleway_width,0,4,74,2,10,108,0,0,4,0,0,11
300062103,Opwijk,4.149169474840164,50.968901168564656,District Vilvoorde-gewestwegen,Opwijk,N0470002,Vlaamse Overheid A. Wegen en Verkeer,15,2025-10-31,200261,Leirekensroute,cycleway_footpath,-9,not_applicable,public_road,surveyed,23060,Gemeente Opwijk,432.57,3.4005262556934066,,True,missing:has_cycleway_no_width,0,0,1,0,1,1,0,0,0,0,0,1
