site_id,siteno,longtitude,latitude,geometry,pop_1km,pop_5km,pop_10km
1,100046096,4.456121776137429,50.91618331151478,POINT (4.456121776137429 50.91618331151478),2754.79052734375,99128.390625,726663.75
2,100052862,4.47169,51.27512,POINT (4.47169 51.27512),1369.0830078125,165217.234375,590641.4375
3,100052863,4.47222,51.27503,POINT (4.47222 51.27503),1213.0382080078125,165126.484375,590422.6875
4,100052864,5.19011,51.16023,POINT (5.19011 51.16023),851.324462890625,27176.69140625,118754.5625
5,100052865,5.19003,51.16018,POINT (5.19003 51.16018),858.013427734375,27176.822265625,118752.1796875
6,100052866,3.70298,51.10894,POINT (3.70298 51.10894),4064.322998046875,87672.640625,335707.84375
7,100052867,3.70317,51.1089,POINT (3.70317 51.1089),4065.84765625,87924.4921875,335898.125
8,100052868,4.68823,51.06759,POINT (4.68823 51.06759),1692.64501953125,46467.21875,157606.125
9,100052869,4.69524,51.06904,POINT (4.69524 51.06904),2540.5791015625,44539.734375,158211.734375
10,100052870,4.01571,50.93549,POINT (4.01571 50.93549),6899.4228515625,107883.171875,240577.59375
11,100052871,4.01647,50.93385,POINT (4.01647 50.93385),5969.5869140625,107708.890625,241871.03125
12,100052872,4.47803,50.81896,POINT (4.47803 50.81896),1028.8160400390625,164199.734375,864482.8125
13,100052873,3.70146,51.03018,POINT (3.70146 51.03018),6484.0,207989.046875,378767.21875
14,100052874,5.48927,50.97172,POINT (5.48927 50.97172),7272.01953125,64483.08203125,157943.390625
15,100052878,2.92743,51.21371,POINT (2.92743 51.21371),10820.279296875,90540.3515625,130408.84375
16,100052879,3.27777,50.83332,POINT (3.27777 50.83332),12212.5888671875,114457.7734375,248913.90625
17,100052880,3.27773,50.83339,POINT (3.27773 50.83339),12148.0830078125,114447.421875,248957.8125
18,100052881,2.92765,51.21378,POINT (2.92765 51.21378),10756.125,90559.9609375,130414.1328125
19,100052883,4.01471,50.93433,POINT (4.01471 50.93433),5599.224609375,107763.71875,241206.21875
20,100052884,3.20048,51.17416,POINT (3.20048 51.17416),1228.48779296875,92244.7109375,180724.53125
21,100052875,5.50161,50.86015,POINT (5.50161 50.86015),2709.875,34847.2109375,119076.875
22,100052876,4.935984252796022,50.81330800184882,POINT (4.935984252796022 50.81330800184882),12550.578125,38395.87890625,84135.3203125
23,100052877,4.93447,50.81324,POINT (4.93447 50.81324),12297.39453125,38596.76953125,84284.625
24,100052882,4.935044252605416,50.8133795491886,POINT (4.935044252605416 50.8133795491886),12374.044921875,38490.69921875,84205.40625
25,100056189,5.597669323604317,51.13679500160176,POINT (5.597669323604317 51.13679500160176),5778.0224609375,24728.71875,68045.2109375
26,300019223,4.45444,50.86995,POINT (4.45444 50.86995),6667.37060546875,273960.28125,1181108.125
27,300019372,4.34013,50.92127,POINT (4.34013 50.92127),1842.983642578125,178455.765625,970622.625
28,300023447,5.30314,50.75488,POINT (5.30314 50.75488),2005.250244140625,14185.5390625,75585.625
29,300023449,5.52825,50.79286,POINT (5.52825 50.79286),340.83544921875,29474.796875,101283.3046875
30,300023450,5.17691,50.94374,POINT (5.17691 50.94374),1704.964599609375,25412.291015625,101017.890625
31,300023451,5.1775,50.94366,POINT (5.1775 50.94366),1591.811767578125,25371.203125,101408.0
32,300023452,5.20961,50.97971,POINT (5.20961 50.97971),460.2294616699219,26188.658203125,141115.65625
33,300023453,5.20936,50.97978,POINT (5.20936 50.97978),456.5068664550781,26110.8671875,140937.859375
34,300023486,5.3033,50.75486,POINT (5.3033 50.75486),2004.691162109375,14187.232421875,75588.4765625
35,300023487,5.6314,50.88112,POINT (5.6314 50.88112),963.825439453125,26806.357421875,88322.703125
36,300023488,5.63012,50.88131,POINT (5.63012 50.88131),934.6534423828125,26893.9765625,88668.78125
37,300023527,5.29211,51.23299,POINT (5.29211 51.23299),4917.0751953125,28311.01953125,67188.2578125
38,300023528,5.29189,51.23277,POINT (5.29189 51.23277),4863.146484375,28306.625,67216.34375
39,300023529,5.47817,51.13425,POINT (5.47817 51.13425),1067.052734375,16350.263671875,84239.84375
40,300023530,5.47892,51.13438,POINT (5.47892 51.13438),967.8404541015625,16232.1474609375,84309.3046875
41,300023581,5.69799,50.97025,POINT (5.69799 50.97025),8669.26953125,42370.50390625,90104.8984375
42,300023582,5.6981,50.97043,POINT (5.6981 50.97043),8628.326171875,42246.02734375,89934.7578125
43,300023680,5.79715,51.09344,POINT (5.79715 51.09344),3956.5537109375,17067.35546875,51063.48046875
44,300023682,5.79726,51.09359,POINT (5.79726 51.09359),3943.6279296875,17056.90625,51055.10546875
45,300023741,5.44377,51.23127,POINT (5.44377 51.23127),5758.9208984375,37218.140625,88481.453125
46,300023743,5.44375,51.231,POINT (5.44375 51.231),5873.94482421875,37218.25,88581.875
47,300024198,4.41497,50.91372,POINT (4.41497 50.91372),2805.241943359375,178176.234375,1015136.75
48,300024443,5.60389,51.00509,POINT (5.60389 51.00509),1281.893310546875,17858.0546875,143040.203125
49,300024444,5.41001,50.95264,POINT (5.41001 50.95264),1469.0050048828125,53234.10546875,213580.171875
50,300024454,3.16252,51.19291,POINT (3.16252 51.19291),2945.3251953125,66184.765625,168015.65625
51,300024455,3.16252,51.19281,POINT (3.16252 51.19281),2962.0322265625,66181.0390625,168051.671875
52,300024459,3.24095,51.22632,POINT (3.24095 51.22632),8347.6875,95798.3359375,156881.515625
53,300024499,3.228,51.23023,POINT (3.228 51.23023),5375.697265625,95200.6640625,154044.515625
54,300024500,3.22818,51.23015,POINT (3.22818 51.23015),5424.02978515625,95332.7734375,154169.578125
55,300024504,3.08261,51.07161,POINT (3.08261 51.07161),3363.55517578125,25846.953125,96615.015625
56,300024505,3.08244,51.07147,POINT (3.08244 51.07147),3365.658203125,25902.69140625,96573.578125
57,300024549,3.24491,50.96056,POINT (3.24491 50.96056),653.68408203125,36204.78125,172995.8125
58,300024550,3.24471,50.96021,POINT (3.24471 50.96021),657.363525390625,36602.19921875,173246.296875
59,300024551,3.18479,50.96784,POINT (3.18479 50.96784),814.5972900390625,49406.2265625,170236.734375
60,300024552,3.18411,50.96783,POINT (3.18411 50.96783),797.3162841796875,50297.90234375,169842.578125
61,300024592,3.0921,50.80555,POINT (3.0921 50.80555),2542.87744140625,42329.9296875,135687.03125
62,300024594,3.09154,50.8058,POINT (3.09154 50.8058),2501.4775390625,42497.54296875,134914.484375
63,300025204,2.74289,51.13529,POINT (2.74289 51.13529),4956.3603515625,25951.923828125,62781.3828125
64,300025205,2.75737,51.13359,POINT (2.75737 51.13359),4265.822265625,22165.06640625,61317.34765625
65,300025206,2.75511,51.13435,POINT (2.75511 51.13435),4417.85009765625,22558.328125,61351.3671875
66,300025380,2.74369,51.1347,POINT (2.74369 51.1347),5307.70361328125,25723.533203125,62778.5625
67,300025382,2.85624,50.85018,POINT (2.85624 50.85018),2067.940185546875,30228.962890625,66950.5546875
68,300025383,2.85608,50.85032,POINT (2.85608 50.85032),2005.025146484375,30219.4453125,66920.4609375
69,300025572,4.71526,50.87549,POINT (4.71526 50.87549),18642.22265625,119790.1171875,205591.734375
70,300025573,4.59318,50.95682,POINT (4.59318 50.95682),942.2632446289062,36004.05078125,191582.515625
71,300025574,4.59164,50.95589,POINT (4.59164 50.95589),804.0556640625,35793.0546875,191807.046875
72,300025575,4.64689,50.89135,POINT (4.64689 50.89135),1836.48974609375,82674.140625,239762.984375
73,300025576,4.64685,50.89128,POINT (4.64685 50.89128),1833.6776123046875,82675.71875,239736.828125
74,300025577,3.25728,50.81909,POINT (3.25728 50.81909),7841.53369140625,105553.5859375,268815.53125
75,300025580,3.25731,50.81925,POINT (3.25731 50.81925),7902.3505859375,105521.28125,268787.84375
76,300025592,4.69597,50.84606,POINT (4.69597 50.84606),1022.8296508789062,93140.90625,197754.203125
77,300025593,4.70796,50.88672,POINT (4.70796 50.88672),15468.9765625,126356.2109375,207966.09375
78,300025808,4.1652,50.75824,POINT (4.1652 50.75824),900.7069091796875,16599.486328125,162811.453125
79,300025809,4.16537,50.75848,POINT (4.16537 50.75848),905.8980712890625,16649.30078125,162940.15625
80,300025810,4.29571,50.91418,POINT (4.29571 50.91418),4546.52001953125,150442.0,943920.5625
81,300025811,4.29568,50.91439,POINT (4.29568 50.91439),4413.71240234375,148808.9375,940130.75
82,300025812,4.33336,50.75128,POINT (4.33336 50.75128),3345.06787109375,94915.7578125,686926.1875
83,300025813,4.33304,50.75175,POINT (4.33304 50.75175),3121.62109375,97041.7109375,694713.25
84,300025814,3.18772,50.91717,POINT (3.18772 50.91717),4023.817626953125,66677.5703125,206006.03125
85,300025855,4.17294,50.89621,POINT (4.17294 50.89621),813.04736328125,47854.96875,279731.59375
86,300025856,4.1709,50.89132,POINT (4.1709 50.89132),625.6796875,47929.48828125,279352.4375
87,300025932,4.81259,50.99084,POINT (4.81259 50.99084),770.4979248046875,43703.9453125,142738.46875
88,300025933,4.91325,51.082,POINT (4.91325 51.082),2403.90673828125,27283.4296875,119178.265625
89,300025934,4.91334,51.08191,POINT (4.91334 51.08191),2386.45458984375,27256.197265625,119178.71875
90,300026025,4.6243,51.35752,POINT (4.6243 51.35752),505.552490234375,22943.23828125,92061.4609375
91,300026026,4.62422,51.35739,POINT (4.62422 51.35739),532.52392578125,22912.978515625,92296.96875
92,300026086,4.64479,51.14989,POINT (4.64479 51.14989),971.908447265625,44980.5,161315.46875
93,300026087,4.64469,51.14998,POINT (4.64469 51.14998),966.2432861328125,45013.69921875,161245.53125
94,300026090,4.81283,51.17345,POINT (4.81283 51.17345),3664.692138671875,39688.76171875,126730.953125
95,300026104,4.58437,51.11687,POINT (4.58437 51.11687),1202.86669921875,56188.3125,215895.34375
96,300026105,4.58444,51.11705,POINT (4.58444 51.11705),1243.765625,56167.1171875,215832.59375
97,300026110,4.99698,51.14813,POINT (4.99698 51.14813),758.453125,36890.98046875,125479.1875
98,300026111,4.99643,51.1481,POINT (4.99643 51.1481),805.212890625,36847.33203125,125349.7421875
99,300026136,4.46882,51.04564,POINT (4.46882 51.04564),8995.091796875,102728.21875,274021.21875
100,300026137,4.46883,51.0457,POINT (4.46883 51.0457),8836.8466796875,102759.359375,274102.71875
101,300026274,5.04481,50.97799,POINT (5.04481 50.97799),6672.908203125,29990.185546875,96925.0234375
102,300026275,5.04474,50.9779,POINT (5.04474 50.9779),6603.17041015625,30028.90234375,96872.7109375
103,300026302,4.73872,51.31681,POINT (4.73872 51.31681),1158.3330078125,30967.33984375,104797.328125
104,300026303,4.73852,51.31682,POINT (4.73852 51.31682),1138.475341796875,31031.63671875,104688.6953125
105,300026348,4.24943,50.75509,POINT (4.24943 50.75509),1437.2117919921875,74320.8828125,398163.78125
106,300026349,4.24951,50.75533,POINT (4.24951 50.75533),1412.559326171875,74312.40625,401295.28125
107,300026758,4.7087919,50.8870744,POINT (4.7087919 50.8870744),14854.2978515625,126623.3984375,207752.546875
108,300026820,4.6954674,50.8471728,POINT (4.6954674 50.8471728),1226.562255859375,95078.4453125,197912.34375
109,300026861,4.4707023,50.9903936,POINT (4.4707023 50.9903936),1519.929931640625,86358.671875,267759.53125
110,300026986,4.811783,51.1739426,POINT (4.811783 51.1739426),3252.078369140625,40194.07421875,126911.8515625
111,300027064,4.4597084,50.8871216,POINT (4.4597084 50.8871216),6899.634765625,169717.953125,1025514.1875
112,300027129,4.9394789,51.1354992,POINT (4.9394789 51.1354992),791.9791870117188,36942.26953125,135273.671875
113,300027489,3.55578,50.96018,POINT (3.55578 50.96018),190.10946655273438,36377.0546875,120326.0703125
114,300027499,3.555502,50.9598305,POINT (3.555502 50.9598305),192.19723510742188,36394.71875,120420.078125
115,300027871,3.4350591,51.1058367,POINT (3.4350591 51.1058367),1692.535888671875,25179.7421875,65634.65625
116,300027878,3.8040599,50.9986113,POINT (3.8040599 50.9986113),4481.2666015625,61261.53125,317867.53125
117,300027879,3.8040599,50.9986113,POINT (3.8040599 50.9986113),4481.2666015625,61261.53125,317867.53125
118,300027898,3.7681359,51.028049,POINT (3.7681359 51.028049),10039.8896484375,180525.78125,390083.625
119,300027900,3.7683918,51.0281795,POINT (3.7683918 51.0281795),9991.107421875,180626.8125,390030.15625
120,300027919,4.0547741,51.0607671,POINT (4.0547741 51.0607671),2336.264892578125,45697.953125,197533.296875
121,300027923,4.0556696,51.0604067,POINT (4.0556696 51.0604067),2095.163330078125,46089.77734375,198018.1875
122,300027931,4.1019222,51.0373918,POINT (4.1019222 51.0373918),5351.912109375,60744.4296875,203219.0625
123,300027960,4.2362771,51.1964555,POINT (4.2362771 51.1964555),1578.5650634765625,50286.70703125,254474.0
124,300027967,4.2361077,51.1964712,POINT (4.2361077 51.1964712),1579.385009765625,50284.51171875,254174.453125
125,300028325,4.1025998,51.0372706,POINT (4.1025998 51.0372706),5298.67626953125,60849.23046875,203110.03125
126,300028358,4.1469307,51.1017709,POINT (4.1469307 51.1017709),4835.3193359375,46835.6015625,239312.65625
127,300028385,4.9400421,51.1342966,POINT (4.9400421 51.1342966),749.7146606445312,36467.49609375,135858.15625
128,300028477,3.97023,51.09644,POINT (3.97023 51.09644),3730.1826171875,43857.8125,139743.734375
129,300028478,3.97025,51.09612,POINT (3.97025 51.09612),3531.5205078125,44078.98046875,139925.921875
141,300036858,3.9961071208376326,51.08342085,POINT (3.9961071208376326 51.08342085),1206.2869873046875,59428.171875,160359.140625
131,300030111,3.558569,51.0276612,POINT (3.558569 51.0276612),1999.1556396484375,24258.615234375,129600.53125
132,300030471,4.8298851,51.245445,POINT (4.8298851 51.245445),2575.77587890625,20331.142578125,126635.515625
133,300030472,4.8297416,51.2453915,POINT (4.8297416 51.2453915),2633.04833984375,20272.564453125,126557.4609375
134,300030476,5.1037658,51.2548405,POINT (5.1037658 51.2548405),866.129638671875,22228.677734375,89079.2890625
135,300030477,5.1040064,51.2544998,POINT (5.1040064 51.2544998),892.5641479492188,22223.533203125,89326.3828125
136,300030728,3.7587918,51.0876313,POINT (3.7587918 51.0876313),3082.8916015625,157419.96875,360624.15625
137,300031561,5.3417576,50.9411605,POINT (5.3417576 50.9411605),6456.783203125,69796.5078125,179353.734375
138,300031574,5.3422472,50.9405318,POINT (5.3422472 50.9405318),6781.9580078125,69785.1953125,179398.625
139,300031607,5.3819796,51.0644267,POINT (5.3819796 51.0644267),2364.092041015625,25980.748046875,121476.15625
140,300031927,5.3438616,50.9300038,POINT (5.3438616 50.9300038),15371.396484375,69185.8984375,170074.796875
142,300036881,3.24095,51.22632,POINT (3.24095 51.22632),8347.6875,95798.3359375,156881.515625
143,100038932,3.26286,50.83066,POINT (3.26286 50.83066),14273.5087890625,113319.4375,255918.234375
144,300038692,4.7153726,50.875576,POINT (4.7153726 50.875576),18583.423828125,119946.921875,205601.59375
145,300052743,4.4908759,50.7885856,POINT (4.4908759 50.7885856),3459.41796875,62715.37109375,542499.9375
146,300052800,4.4902818,50.7881478,POINT (4.4902818 50.7881478),3379.49462890625,62570.78515625,543538.5625
147,300059948,4.4975769,50.7797555,POINT (4.4975769 50.7797555),2867.814697265625,47873.4453125,444945.03125
148,300060140,4.44471001,50.76699493,POINT (4.44471001 50.76699493),177.65077209472656,52604.77734375,680944.9375
149,300060264,4.43356644,50.88297881,POINT (4.43356644 50.88297881),2906.9853515625,318004.6875,1278927.5
150,300061690,4.56136297,50.8687535,POINT (4.56136297 50.8687535),347.1474609375,52224.2890625,294945.1875
151,300061739,4.6854839,50.8690262,POINT (4.6854839 50.8690262),10037.310546875,117941.28125,203142.03125
152,300062103,4.149169474840164,50.968901168564656,POINT (4.149169474840164 50.968901168564656),1585.87255859375,47184.15625,239831.96875
