1,IN,Machelen Cyclists rich. Brucargo
1,OUT,Machelen Cyclists richting Machelen
2,IN,Brasschaat 2 Fietsers rich Merksem
2,OUT,Brasschaat 2 Fietsers rich Brasschaat
3,IN,Brasschaat 1 Fietsers rich Merksem
3,OUT,Brasschaat 1 Fietsers rich Brasschaat
4,IN,Balen 1 Fietsers rich Leopoldsburg
4,OUT,Balen 1 Fietsers rich Balen
5,IN,Balen 2 Fietsers rich Balen
5,OUT,Balen 2 Fietsers rich Leopoldsburg
6,IN,Evergem 2 Fietsers rich Wondelgem
10,OUT,Aalst_2 Fietser rich Aalst
19,OUT,Aalst 1 fietser erpe mere / Aalst 1 fietser Erpe Mere
20,IN,Brugge Fietsers rich Brugge
20,OUT,Brugge Fietsers rich Loppem
21,IN,Bilzen Fietsers rich. Hoeselt
21,OUT,Bilzen Fietsers rich. Bilzen
22,IN,Tienen 2 Fietsers rich Sint-Truiden
22,OUT,Tienen 2 Fietsers rich Boutersem
23,IN,Tienen 3 Fietsers rich Sint-Truiden
23,OUT,Tienen 3 Fietsers rich Boutersem
24,IN,Tienen 1 Fietsers rich Glabbeek
24,OUT,Tienen 1 Fietsers rich Tienen
25,IN,Bree Fietsers rich. Bree
25,OUT,Bree Fietsers rich. Gruitrode
26,IN,Zaventem fietser Brussel
26,OUT,Zaventem fietser Zaventem
27,IN,Grimbergen Fietser Brussel
27,OUT,Grimbergen Fietser Meise
28,IN,Heers teller 2 Fietser Borgloon
28,OUT,Heers teller 2 Fietser Heers centrum
29,IN,Tongeren Fietser Lanaken
29,OUT,Tongeren Fietser Tongeren
30,IN,Herk De Stad teller 1 Fietser Herk De Stad
30,OUT,Herk De Stad teller 1 Fietser Hasselt
31,IN,Herk De Stad teller 2 Fietser Herk De Stad
31,OUT,Herk De Stad teller 2 Fietser Hasselt
7,IN/OUT,Evergem_1 [Debug]
32,IN,Lummen teller 1 Fietser Lummen
32,OUT,Lummen teller 1 Fietser Hasselt
33,IN,Lummen teller 2 Fietser Lummen
33,OUT,Lummen teller 2 Fietser Hasselt
34,IN,Heers_1 [Bike Borgloon] / Heers teller 1 Fietser Borgloon
34,OUT,Heers_1 [Bike Heers centrum] / Heers teller 1 Fietser Heers centrum
34,IN/OUT,Heers_1 [Debug]
35,IN,Lanaken teller 1 Fietser Riemst
35,OUT,Lanaken teller 1 Fietser Lanaken
36,IN,Lanaken teller 2 Fietser Riemst
36,OUT,Lanaken teller 2 Fietser Lanaken
37,IN,Lommel teller 1 Fietser Lommel
37,OUT,Lommel teller 1 Fietser Mol
38,IN,Lommel teller 2 Fietser Lommel
144,OUT,test leuven [Bike test]
145,IN,Overijse Fietser IN
6,OUT,Evergem 2 Fietsers rich Hulleken
7,IN,Evergem_1 [Bike IN] / Evergem 1 Fietsers rich Wondelgem
7,OUT,Evergem_1 [Bike OUT] / Evergem 1 Fietsers rich Hulleken
8,IN,Heist op den Berg Fietsers rich Mechelen
8,OUT,Heist op den Berg Fietsers rich Heist op den Berg
9,IN,Heist op den Berg 2 Fietsers rich Mechelen
9,OUT,Heist op den Berg 2 Fietsers rich Heist op den Berg
10,IN,Aalst_2 Fietser rich Zurendries
11,IN,Aalst 3 Fietser rich Zurendries
11,OUT,Aalst 3 Fietser rich Aalst
12,IN,Tervuren Fietsers rich Brussel
12,OUT,Tervuren Fietsers rich Tervuren
13,IN,Gent Fietsers rich Drongen
13,OUT,Gent Fietsers rich Zwijnaarde
14,IN,Genk Fietsers rich Genk
14,OUT,Genk Fietsers rich Winterslag
15,IN,Oostende 2 Fietser rich. Gistel
15,OUT,Oostende 2 Fietser rich  Oostende
16,IN,Kortrijk 1 Fietsers rich Harelbeke
16,OUT,Kortrijk 1 Fietsers rich Kortrijk
17,IN,Kortrijk 2 Fietsers rich Harelbeke
17,OUT,Kortrijk 2 Fietsers rich Kortrijk
18,IN,Oostende 1 Fietsers rich. Oostende
18,OUT,Oostende 1 Fietsers rich. Gistel
19,IN,Aalst 1 fietser aalst / Aalst 1 fietser Aalst
38,OUT,Lommel teller 2 Fietser Mol
39,IN,Peer teller 1 Fietser Bree
39,OUT,Peer teller 1 Fietser rich Leopoldsburg
40,OUT,Peer teller 2 Fietser rich. Bree
44,OUT,Maaseik teller 2 Fietser Maaseik
45,IN,Pelt teller 1 Fietser Hamont-Achel
45,OUT,Pelt teller 1 Fietser Lommel
46,IN,Pelt teller 2 Fietser Lommel
46,OUT,Pelt teller 2 Fietser Hamont-Achel
47,IN,Vilvoorde Fietser rich Brussel
47,OUT,Vilvoorde Fietser vilvoorde
48,IN,As Fietser Maasmechelen
48,OUT,As Fietser As
49,IN,Bokrijk Fietser Hasselt
49,OUT,Bokrijk Fietser Genk
50,IN,"Brugge, Sint-Andries Fietser Brugge"
50,OUT,"Brugge, Sint-Andries Fietser Varsenare"
51,IN,"Brugge, Sint-Andries Fietser Brugge"
51,OUT,"Brugge, Sint-Andries Fietser Varsenare"
52,IN,Brugge Fietser Brugge
52,OUT,Brugge Fietser Koolkerke
53,IN,Brugge teller 1 Fietser zeebrugge
53,OUT,Brugge teller 1 Fietser Brugge
54,IN,Brugge teller 2 Fietser Brugge
54,OUT,Brugge teller 2 Fietser zeebrugge
55,IN,Torhout_1 [Bike IN] / Torhout teller 1 Fietser Torhout
40,IN,Peer teller 2 Fietser rich Leopoldsburg
41,IN,Maasmechelen teller 1 Fietser Dilsen stokem
41,OUT,Maasmechelen teller 1 Fietser Rekem
42,IN,Maasmechelen teller 2 Fietser Rekem
42,OUT,Maasmechelen teller 2 Fietser Dilsen stokem
43,IN,Maaseik teller 1 Fietser Nederland
43,OUT,Maaseik teller 1 Fietser Maaseik
44,IN,Maaseik teller 2 Fietser Nederland
55,OUT,Torhout_1 [Bike OUT] / Torhout teller 1 Fietser Ichtegem
56,IN,Torhout teller 2 Fietser Ichtegem
56,OUT,Torhout teller 2 Fietser Torhout
57,IN,Meulebeke teller 1 Fietser Pittem
57,OUT,Meulebeke teller 1 Fietser Ingelmunster
58,IN,Meulebeke teller 2 Fietser Ingelmunster
58,OUT,Meulebeke teller 2 Fietser Pittem
59,IN,Ardooie teller 1 Fietser Ardooie
59,OUT,Ardooie teller 1 Fietser Roeselare
60,IN,Ardooie teller 2 Fietser Roeselare
60,OUT,Ardooie teller 2 Fietser Ardooie
61,IN,Wervik teller 2 Fietser Geluwe
61,OUT,Wervik teller 2 Fietser Menen
62,IN,Wervik teller 1 Fietser Menen
62,OUT,Wervik teller 1 Fietser Geluwe
63,IN,Nieuwpoort teller 3 Fietser Kust
63,OUT,Nieuwpoort teller 3 Fietser Nieuwpoort
78,IN,Pepingen teller 1 Fietser Halle
78,OUT,Pepingen teller 1 Fietser Ninove
79,IN,Pepingen teller 2 Fietser Ninove
79,OUT,Pepingen teller 2 Fietser Halle
80,IN,Wemmel teller 1 Fietser Wemmel
80,OUT,Wemmel teller 1 Fietser Merchtem
81,IN,Wemmel teller 2 Fietser Merchtem
81,OUT,Wemmel teller 2 Fietser Wemmel
82,IN,Beersel teller 1 Fietser Beersel
82,OUT,Beersel teller 1 Fietser Eigen Brakel
83,IN,Beersel teller 2 Fietser Eigen Brakel
83,OUT,Beersel teller 2 Fietser Beersel
84,IN,Roeselare totem Fietser Roeselare
84,OUT,Roeselare totem Fietser Izegem
85,IN,Asse teller 1 Fietser Ternat
85,OUT,Asse teller 1 Fietser Asse
86,IN,Asse teller 2 Fietser Asse
86,OUT,Asse teller 2 Fietser Ternat
87,IN,Aarschot Fietser Aarschot
87,OUT,Aarschot Fietser Werchter
88,IN,Westerlo teller 1 Fietser Westerlo
88,OUT,Westerlo teller 1 Fietser Herselt
89,IN,Westerlo teller 2 Fietser Herselt
89,OUT,Westerlo teller 2 Fietser Westerlo
90,IN,Brecht teller 1 Fietser Wuustwezel
90,OUT,Brecht teller 1 Fietser Brecht
64,IN,Nieuwpoort teller 1 Fietser Nieuwpoort
64,OUT,Nieuwpoort teller 1 Fietser Westende
65,IN,Nieuwpoort teller 2 Fietser Nieuwpoort
65,OUT,Nieuwpoort teller 2 Fietser Westende
66,IN,Nieuwpoort totem Fietser Nieuwpoort
66,OUT,Nieuwpoort totem Fietser Kust
67,IN,Ieper totem Fietser Poperingen
67,OUT,Ieper totem Fietser Ieper
68,IN,Ieper Fietser Poperingen
68,OUT,Ieper Fietser Ieper
69,IN,Leuven teller 1 Fietser Heverlee
69,OUT,Leuven teller 1 Fietser Leuven
70,IN,Kampenhout teller 1 Fietser Kampenhout
70,OUT,Kampenhout teller 1 Fietser Haacht
77,IN,Leuven teller 2 Fietser IN
91,IN,Brecht teller 2 Fietser Brecht
91,OUT,Brecht teller 2 Fietser Wuustwezel
92,IN,Nijlen teller 1 Fietser Nijlen
92,OUT,Nijlen teller 1 Fietser Kessel
93,IN,Nijlen teller 2 Fietser Kessel
93,OUT,Nijlen teller 2 Fietser Nijlen
94,IN,Herentals teller 2 Fietser Herentals
94,OUT,Herentals teller 2 Fietser Nijlen
95,IN,Lier teller 1 Fietser Lier
95,OUT,Lier teller 1 Fietser Koningshooikt
96,IN,Lier teller 2 Fietser Koningshooikt
96,OUT,Lier teller 2 Fietser Lier
97,IN,Geel teller 1 Fietser Meerhout
97,OUT,Geel teller 1 Fietser Geel
98,IN,Geel teller 2 Fietser Geel
98,OUT,Geel teller 2 Fietser Meerhout
99,IN,Mechelen_1 Fietser Otterbeek / Mechelen teller 1 Fietser Otterbeek
100,IN,Mechelen teller 2 Fietser Mechelen
100,OUT,Mechelen teller 2 Fietser Otterbeek
101,IN,Diest teller 1 Fietser Diest
101,OUT,Diest teller 1 Fietser Bekkevoort
102,IN,Diest teller 2 Fietser Bekkevoort
102,OUT,Diest teller 2 Fietser Diest
102,IN/OUT,Diest_2 [Bike]
105,IN,St. pieters leeuw teller 2 Fietser Huizingen
105,OUT,St. pieters leeuw teller 2 Fietser UIT
106,IN,St. pieters leeuw teller 1 Fietser St. pieters leeuw
106,OUT,St. pieters leeuw teller 1 Fietser Huizingen
107,IN,leuven totem Fietser Aarschotse steenweg
107,OUT,leuven totem Fietser Vuurkruisemlaan
108,IN,Heverlee teller 1 Fietser Oud heverlee
108,OUT,Heverlee teller 1 Fietser Heverlee
109,IN,Zemst Fietser Zemst
109,OUT,Zemst Fietser Mechelen
110,IN,Herentals totem Fietser Nijlen
110,OUT,Herentals totem Fietser Herentals
71,IN,Kampenhout teller 2 Fietser Herent
71,OUT,Kampenhout teller 2 Fietser Mechelen
72,IN,Herent teller 1 Fietser Kortenberg
72,OUT,Herent teller 1 Fietser Leuven
73,IN,Herent_2 [Pedestrian Leuven] / Herent teller 2 Fietser Leuven
73,OUT,Herent_2 [Pedestrian Kortenberg] / Herent teller 2 Fietser Kortenberg
74,IN,Kortrijk teller 1 Fietser Brugse poort
74,OUT,Kortrijk teller 1 Fietser Aalbeke
75,IN,Kortrijk teller 2  Fietser Aalbeke
75,OUT,Kortrijk teller 2  Fietser Brugse poort
76,IN,Heverlee teller 2 Fietser IN
76,OUT,Heverlee teller 2 Fietser Heverlee
77,OUT,Leuven teller 2 Fietser Leuven
99,OUT,Mechelen_1 Fietser Mechelen / Mechelen teller 1 Fietser Mechelen
103,IN,Malle teller 1 Fietser Rijkevorsel
103,OUT,Malle teller 1 Fietser Oostmalle
104,IN,Malle teller 2 Fietser Oostmalle
104,OUT,Malle teller 2 Fietser Rijkevorsel
111,OUT,Zaventem totem Fietser Diegem
112,IN,Geel teller 2 [Bike IN]
112,OUT,Geel teller 2 [Bike OUT]
113,IN,Deinze teller 2 Fietser Deinze
113,OUT,Deinze teller 2 Fietser Nazareth
114,IN,Deinze teller 1 Fietser Deinze
114,OUT,Deinze teller 1 Fietser Nazareth
115,IN,Aalter Fietser Knesselare
115,OUT,Aalter Fietser Aalter
116,IN,Melle teller 2 Fietser Ovenveldstraat
116,OUT,Melle teller 2 Fietser Pontstraat
117,IN,Melle teller 1 Fietser Pontstraat
117,OUT,Melle teller 1 Fietser Ovenveldstraat
118,IN,Gent teller 1 Fietser Melle
118,OUT,Gent teller 1 Fietser Gent
1,IN/OUT,Machelen [Debug]
119,IN,Gent_2 Fietser Gent / Gent teller 2 Fietser Gent
119,OUT,Gent_2 Fietser Melle / Gent teller 2 Fietser Melle
120,IN,Zele teller 1 Fietser Dendermonde
120,OUT,Zele teller 1 Fietser Lokeren
121,IN,Zele teller 2 Fietser Lokeren
121,OUT,Zele teller 2 Fietser Dendermonde
122,IN,Dendermonde teller 2 Fietser Zele
122,OUT,Dendermonde teller 2 Fietser Dendermonde
123,IN,Beveren teller 1 Fietser Beveren
125,IN,Dendermonde totem [Bike IN]
125,OUT,Dendermonde totem [Bike OUT]
126,IN,Hamme totem [Bike IN] / Hamme totem Fietser IN Elversele
126,OUT,Hamme totem [Bike OUT]
127,IN,Geel totem [Bike IN]
127,OUT,Geel totem [Bike OUT]
128,IN,Lokeren teller 1 Fietser Lokeren
128,OUT,Lokeren teller 1 Fietser Lokeren-Heiende
111,IN,Zaventem totem Fietser Leuven
123,OUT,Beveren teller 1 Fietser Haasdonk
124,IN,Beveren teller 2 Fietser Haasdonk
124,OUT,Beveren teller 2 Fietser Beveren
129,IN,Lokeren teller 2 Fietser Lokeren-Heiende
129,OUT,Lokeren teller 2 Fietser Lokeren
131,IN,Nevele Fietser Nevele
131,OUT,Nevele Fietser Nazareth
132,IN,Gierle Lille 2 Fietser Richting Gierle
132,OUT,Gierle Lille 2 Fietser Richting Lille
133,IN,Gierle_1 [Bike Richting Gierle] / Gierle Lille 1 Totem Fietser Richting Gierle
133,OUT,Gierle_1 [Bike Richting Lille] / Gierle Lille 1 Totem Fietser Richting Lille
134,IN,Retie 1 Fietser Richting Dessel
134,OUT,Retie 1 Fietser Richting Retie
135,IN,Retie 2 Fietser Richting Dessel
135,OUT,Retie 2 Fietser Richting Retie
136,IN,Gent R4 Fietser Richting Gent
136,OUT,Gent R4 Fietser Richting Zelzate
137,IN,Hasselt-Kempische brug totem Fietser Hasselt
137,OUT,Hasselt-Kempische brug totem Fietser Zonhoven
138,IN,Hasselt-Kempische brug Fietser Hasselt
138,OUT,Hasselt-Kempische brug Fietser Zonhoven
139,IN,Houthalen-Helchteren Fietser Zonhoven
139,OUT,Houthalen-Helchteren Fietser Lommel
140,IN,Hasselt ring Fietser Kapermolen
140,OUT,Hasselt ring Fietser Jessa ziekenhuis
143,IN,YTH17062596 Cyclists IN
143,OUT,YTH17062596 Cyclists OUT
145,OUT,Overijse Fietser UIT
146,IN,Overijse 2 [Bike IN]
146,OUT,Overijse 2 [Bike OUT]
147,IN,Overijse [Bike Ijsebos]
141,IN,Test site A support Fietser IN
142,IN,TEST Validatie BRUGGE Y2H22022134 Fietser IN
142,OUT,TEST Validatie BRUGGE Y2H22022134 Fietser UIT
144,IN,test leuven [Bike test]
147,OUT,Overijse [Bike Nieuwland]
148,IN,Hoeilaart [Bike Terhulpsesteenweg]
148,OUT,Hoeilaart [Bike Brussel]
149,IN,Machelen [Bike Machelen]
149,OUT,Machelen [Bike Zaventem]
150,IN,Bertem Fietser Leuven
150,OUT,Bertem Fietser Brussel
151,IN,Leuven [Bike Leuven]
151,OUT,Leuven [Bike Bertem]
152,IN,Opwijk Fietser richt. Londerzeel
152,OUT,Opwijk Fietser rich Aalst
